Date,Close/Last,Volume,Open,High,Low
10/27/2022,2314,N/A,2314,2314,2314
10/26/2022,2278,N/A,2278,2278,2278
10/25/2022,2296,N/A,2296,2296,2296
10/24/2022,2337,N/A,2337,2337,2337
10/21/2022,2306,N/A,2306,2306,2306
10/20/2022,2328,N/A,2328,2328,2328
10/19/2022,2308,N/A,2308,2308,2308
10/18/2022,2305,N/A,2305,2305,2305
10/17/2022,2340,N/A,2340,2340,2340
10/14/2022,2377,N/A,2377,2377,2377
10/13/2022,2385,N/A,2385,2385,2385
10/12/2022,2318,N/A,2318,2318,2318
10/11/2022,2347,N/A,2347,2347,2347
10/10/2022,2629,N/A,2629,2629,2629
10/07/2022,2396,N/A,2396,2396,2396
10/06/2022,2373,N/A,2373,2373,2373
10/05/2022,2392,N/A,2392,2392,2392
10/04/2022,2360,N/A,2360,2360,2360
10/03/2022,2337,N/A,2337,2337,2337
09/30/2022,2354,N/A,2354,2354,2354
09/29/2022,2327,N/A,2327,2327,2327
09/28/2022,2282,N/A,2282,2282,2282
09/27/2022,2286,N/A,2286,2286,2286
09/26/2022,2243,N/A,2243,2243,2243
09/23/2022,2247,N/A,2247,2247,2247
09/22/2022,2321,N/A,2321,2321,2321
09/21/2022,2352,N/A,2352,2352,2352
09/20/2022,2355,N/A,2355,2355,2355
09/19/2022,2369,N/A,2369,2369,2369
09/16/2022,2360,N/A,2360,2360,2360
09/15/2022,2377,N/A,2377,2377,2377
09/14/2022,2312,N/A,2312,2312,2312
09/13/2022,2350,N/A,2350,2350,2350
09/12/2022,2386,N/A,2386,2386,2386
09/09/2022,2360,N/A,2360,2360,2360
09/08/2022,2328,N/A,2328,2328,2328
09/07/2022,2350,N/A,2350,2350,2350
09/06/2022,2369,N/A,2369,2369,2369
09/02/2022,2416,N/A,2416,2416,2416
09/01/2022,2368,N/A,2368,2368,2368
08/31/2022,2413,N/A,2413,2413,2413
08/30/2022,2408,N/A,2408,2408,2408
08/29/2022,2410,N/A,2410,2410,2410
08/26/2022,2413,N/A,2413,2413,2413
08/25/2022,2417,N/A,2417,2417,2417
08/24/2022,2398,N/A,2398,2398,2398
08/23/2022,2318,N/A,2318,2318,2318
08/22/2022,2356,N/A,2356,2356,2356
08/19/2022,2374,N/A,2374,2374,2374
08/18/2022,2422,N/A,2422,2422,2422
08/17/2022,2400,N/A,2400,2400,2400
08/16/2022,2333,N/A,2333,2333,2333
08/15/2022,2360,N/A,2360,2360,2360
08/12/2022,2352,N/A,2352,2352,2352
08/11/2022,2409,N/A,2409,2409,2409
08/10/2022,2398,N/A,2398,2398,2398
08/09/2022,2363,N/A,2363,2363,2363
08/08/2022,2340,N/A,2340,2340,2340
08/05/2022,2305,N/A,2305,2305,2305
08/04/2022,2349,N/A,2349,2349,2349
08/03/2022,2281,N/A,2281,2281,2281
08/02/2022,2340,N/A,2340,2340,2340
08/01/2022,2339,N/A,2339,2339,2339
07/29/2022,2323,N/A,2323,2323,2323
07/28/2022,2317,N/A,2317,2317,2317
07/27/2022,2355,N/A,2355,2355,2355
07/26/2022,2400,N/A,2400,2400,2400
07/25/2022,2376,N/A,2376,2376,2376
07/22/2022,2297,N/A,2297,2297,2297
07/21/2022,2304,N/A,2304,2304,2304
07/20/2022,2368,N/A,2368,2368,2368
07/19/2022,2347,N/A,2347,2347,2347
07/18/2022,2329,N/A,2329,2329,2329
07/15/2022,2321,N/A,2321,2321,2321
07/14/2022,2247,N/A,2247,2247,2247
07/13/2022,2303,N/A,2303,2303,2303
07/12/2022,2354,N/A,2354,2354,2354
07/11/2022,2645,N/A,2645,2645,2645
07/08/2022,2318,N/A,2318,2318,2318
07/07/2022,2354,N/A,2354,2354,2354
07/06/2022,2356,N/A,2356,2356,2356
07/05/2022,2315,N/A,2315,2315,2315
07/01/2022,2314,N/A,2314,2314,2314
06/30/2022,2340,N/A,2340,2340,2340
06/29/2022,2366,N/A,2366,2366,2366
06/28/2022,2402,N/A,2402,2402,2402
06/27/2022,2410,N/A,2410,2410,2410
06/24/2022,2432,N/A,2432,2432,2432
06/23/2022,2433,N/A,2433,2433,2433
06/22/2022,2452,N/A,2452,2452,2452
06/21/2022,2468,N/A,2468,2468,2468
06/17/2022,2433,N/A,2433,2433,2433
06/16/2022,2329,N/A,2329,2329,2329
06/15/2022,2332,N/A,2332,2332,2332
06/14/2022,2326,N/A,2326,2326,2326
06/13/2022,2334,N/A,2334,2334,2334
06/10/2022,2385,N/A,2385,2385,2385
06/09/2022,2428,N/A,2428,2428,2428
06/08/2022,2458,N/A,2458,2458,2458
06/07/2022,2475,N/A,2475,2475,2475
06/06/2022,2488,N/A,2488,2488,2488
06/03/2022,2469,N/A,2469,2469,2469
06/02/2022,2485,N/A,2485,2485,2485
06/01/2022,2524,N/A,2524,2524,2524
05/31/2022,2496,N/A,2496,2496,2496
05/27/2022,2462,N/A,2462,2462,2462
05/26/2022,2464,N/A,2464,2464,2464
05/25/2022,2407,N/A,2407,2407,2407
05/24/2022,2441,N/A,2441,2441,2441
05/23/2022,2451,N/A,2451,2451,2451
05/20/2022,2429,N/A,2429,2429,2429
05/19/2022,2457,N/A,2457,2457,2457
05/18/2022,2470,N/A,2470,2470,2470
05/17/2022,2513,N/A,2513,2513,2513
05/16/2022,2505,N/A,2505,2505,2505
05/13/2022,2469,N/A,2469,2469,2469
05/12/2022,2433,N/A,2433,2433,2433
05/11/2022,2489,N/A,2489,2489,2489
05/10/2022,2445,N/A,2445,2445,2445
05/09/2022,2455,N/A,2455,2455,2455
05/06/2022,2492,N/A,2492,2492,2492
05/05/2022,2511,N/A,2511,2511,2511
05/04/2022,2580,N/A,2580,2580,2580
05/03/2022,2607,N/A,2607,2607,2607
05/02/2022,2604,N/A,2604,2604,2604
04/29/2022,2662,N/A,2662,2662,2662
04/28/2022,2662,N/A,2662,2662,2662
04/27/2022,2537,N/A,2537,2537,2537
04/26/2022,2507,N/A,2507,2507,2507
04/25/2022,2487,N/A,2487,2487,2487
04/22/2022,2554,N/A,2554,2554,2554
04/21/2022,2592,N/A,2592,2592,2592
04/20/2022,2593,N/A,2593,2593,2593
04/19/2022,2580,N/A,2580,2580,2580
04/18/2022,2578,N/A,2578,2578,2578
04/14/2022,2679,N/A,2679,2679,2679
04/13/2022,2679,N/A,2679,2679,2679
04/12/2022,2583,N/A,2583,2583,2583
04/11/2022,2616,N/A,2616,2616,2616
04/08/2022,2620,N/A,2620,2620,2620
04/07/2022,2574,N/A,2574,2574,2574
04/06/2022,2549,N/A,2549,2549,2549
04/05/2022,2534,N/A,2534,2534,2534
04/04/2022,2562,N/A,2562,2562,2562
04/01/2022,2599,N/A,2599,2599,2599
03/31/2022,2650,N/A,2650,2650,2650
03/30/2022,2651,N/A,2651,2651,2651
03/29/2022,2639,N/A,2639,2639,2639
03/28/2022,2602,N/A,2602,2602,2602
03/25/2022,2562,N/A,2562,2562,2562
03/24/2022,2583,N/A,2583,2583,2583
03/23/2022,2631,N/A,2631,2631,2631
03/22/2022,2586,N/A,2586,2586,2586
03/21/2022,2521,N/A,2521,2521,2521
03/18/2022,2537,N/A,2537,2537,2537
03/17/2022,2504,N/A,2504,2504,2504
03/16/2022,2532,N/A,2532,2532,2532
03/15/2022,2522,N/A,2522,2522,2522
03/14/2022,2611,N/A,2611,2611,2611
03/11/2022,2620,N/A,2620,2620,2620
03/10/2022,2683,N/A,2683,2683,2683
03/09/2022,2663,N/A,2663,2663,2663
03/08/2022,2679,N/A,2679,2679,2679
03/07/2022,2636,N/A,2636,2636,2636
03/04/2022,2620,N/A,2620,2620,2620
03/03/2022,2562,N/A,2562,2562,2562
03/02/2022,2529,N/A,2529,2529,2529
03/01/2022,2521,N/A,2521,2521,2521
02/28/2022,2529,N/A,2529,2529,2529
02/25/2022,2614,N/A,2614,2614,2614
02/24/2022,2616,N/A,2616,2616,2616
02/23/2022,2664,N/A,2664,2664,2664
02/22/2022,2656,N/A,2656,2656,2656
02/18/2022,2640,N/A,2640,2640,2640
02/17/2022,2655,N/A,2655,2655,2655
02/16/2022,2671,N/A,2671,2671,2671
02/15/2022,2722,N/A,2722,2722,2722
02/14/2022,2731,N/A,2731,2731,2731
02/11/2022,2766,N/A,2766,2766,2766
02/10/2022,2786,N/A,2786,2786,2786
02/09/2022,2756,N/A,2756,2756,2756
02/08/2022,2669,N/A,2669,2669,2669
02/07/2022,2624,N/A,2624,2624,2624
02/04/2022,2668,N/A,2668,2668,2668
02/03/2022,2634,N/A,2634,2634,2634
02/02/2022,2617,N/A,2617,2617,2617
02/01/2022,2613,N/A,2613,2613,2613
01/31/2022,2528,N/A,2528,2528,2528
01/28/2022,2494,N/A,2494,2494,2494
01/27/2022,2451,N/A,2451,2451,2451
01/26/2022,2513,N/A,2513,2513,2513
01/25/2022,2503,N/A,2503,2503,2503
01/24/2022,2493,N/A,2493,2493,2493
01/21/2022,2576,N/A,2576,2576,2576
01/20/2022,2660,N/A,2660,2660,2660
01/19/2022,2657,N/A,2657,2657,2657
01/18/2022,2631,N/A,2631,2631,2631
01/14/2022,2659,N/A,2659,2659,2659
01/13/2022,2609,N/A,2609,2609,2609
01/12/2022,2559,N/A,2559,2559,2559
01/11/2022,2588,N/A,2588,2588,2588
01/10/2022,2685,N/A,2685,2685,2685
01/07/2022,2521,N/A,2521,2521,2521
01/06/2022,2423,N/A,2423,2423,2423
01/05/2022,2457,N/A,2457,2457,2457
01/04/2022,2462,N/A,2462,2462,2462
01/03/2022,2499,N/A,2499,2499,2499
12/31/2021,2520,N/A,2520,2520,2520
12/30/2021,2559,N/A,2559,2559,2559
12/29/2021,2515,N/A,2515,2515,2515
12/28/2021,2485,N/A,2485,2485,2485
12/27/2021,2461,N/A,2461,2461,2461
12/23/2021,2473,N/A,2473,2473,2473
12/22/2021,2466,N/A,2466,2466,2466
12/21/2021,2460,N/A,2460,2460,2460
12/20/2021,2423,N/A,2423,2423,2423
12/17/2021,2497,N/A,2497,2497,2497
12/16/2021,2685,N/A,2685,2685,2685
12/15/2021,2547,N/A,2547,2547,2547
12/14/2021,2504,N/A,2504,2504,2504
12/13/2021,2532,N/A,2532,2532,2532
12/10/2021,2466,N/A,2466,2466,2466
12/09/2021,2451,N/A,2451,2451,2451
12/08/2021,2470,N/A,2470,2470,2470
12/07/2021,2485,N/A,2485,2485,2485
12/06/2021,2460,N/A,2460,2460,2460
12/03/2021,2467,N/A,2467,2467,2467
12/02/2021,2453,N/A,2453,2453,2453
12/01/2021,2352,N/A,2352,2352,2352
11/30/2021,2346,N/A,2346,2346,2346
11/29/2021,2378,N/A,2378,2378,2378
11/26/2021,2396,N/A,2396,2396,2396
11/24/2021,2512,N/A,2512,2512,2512
11/23/2021,2568,N/A,2568,2568,2568
11/22/2021,2588,N/A,2588,2588,2588
11/19/2021,2583,N/A,2583,2583,2583
11/18/2021,2589,N/A,2589,2589,2589
11/17/2021,2568,N/A,2568,2568,2568
11/16/2021,2553,N/A,2553,2553,2553
11/15/2021,2458,N/A,2458,2458,2458
11/12/2021,2470,N/A,2470,2470,2470
11/11/2021,2485,N/A,2485,2485,2485
11/10/2021,2473,N/A,2473,2473,2473
11/09/2021,2663,N/A,2663,2663,2663
11/08/2021,2433,N/A,2433,2433,2433
11/05/2021,2397,N/A,2397,2397,2397
11/04/2021,2440,N/A,2440,2440,2440
11/03/2021,2424,N/A,2424,2424,2424
11/02/2021,2457,N/A,2457,2457,2457
11/01/2021,2564,N/A,2564,2564,2564
10/29/2021,2544,N/A,2544,2544,2544
10/28/2021,2571,N/A,2571,2571,2571
10/27/2021,2603,N/A,2603,2603,2603
10/26/2021,2581,N/A,2581,2581,2581
10/25/2021,2616,N/A,2616,2616,2616
10/22/2021,2583,N/A,2583,2583,2583
10/21/2021,2555,N/A,2555,2555,2555
10/20/2021,2505,N/A,2505,2505,2505
10/19/2021,2559,N/A,2559,2559,2559
10/18/2021,2610,N/A,2610,2610,2610
10/15/2021,2607,N/A,2607,2607,2607
10/14/2021,2584,N/A,2584,2584,2584
10/13/2021,2602,N/A,2602,2602,2602
10/12/2021,2675,N/A,2675,2675,2675
10/11/2021,2682,N/A,2682,2682,2682
10/08/2021,2750,N/A,2750,2750,2750
10/07/2021,2726,N/A,2726,2726,2726
10/06/2021,2715,N/A,2715,2715,2715
10/05/2021,2755,N/A,2755,2755,2755
10/04/2021,2752,N/A,2752,2752,2752
10/01/2021,2710,N/A,2710,2710,2710
09/30/2021,2652,N/A,2652,2652,2652
09/29/2021,2589,N/A,2589,2589,2589
09/28/2021,2555,N/A,2555,2555,2555
09/27/2021,2546,N/A,2546,2546,2546
09/24/2021,2591,N/A,2591,2591,2591
09/23/2021,2612,N/A,2612,2612,2612
09/22/2021,2652,N/A,2652,2652,2652
09/21/2021,2605,N/A,2605,2605,2605
09/20/2021,2593,N/A,2593,2593,2593
09/17/2021,2665,N/A,2665,2665,2665
09/16/2021,2657,N/A,2657,2657,2657
09/15/2021,2663,N/A,2663,2663,2663
09/14/2021,2656,N/A,2656,2656,2656
09/13/2021,2637,N/A,2637,2637,2637
09/10/2021,2603,N/A,2603,2603,2603
09/09/2021,2673,N/A,2673,2673,2673
09/08/2021,2687,N/A,2687,2687,2687
09/07/2021,2704,N/A,2704,2704,2704
09/03/2021,2654,N/A,2654,2654,2654
09/02/2021,2611,N/A,2611,2611,2611
09/01/2021,2538,N/A,2538,2538,2538
08/31/2021,2540,N/A,2540,2540,2540
08/30/2021,2597,N/A,2597,2597,2597
08/27/2021,2582,N/A,2582,2582,2582
08/26/2021,2623,N/A,2623,2623,2623
08/25/2021,2612,N/A,2612,2612,2612
08/24/2021,2570,N/A,2570,2570,2570
08/23/2021,2554,N/A,2554,2554,2554
08/20/2021,2567,N/A,2567,2567,2567
08/19/2021,2628,N/A,2628,2628,2628
08/18/2021,2673,N/A,2673,2673,2673
08/17/2021,2607,N/A,2607,2607,2607
08/16/2021,2544,N/A,2544,2544,2544
08/13/2021,2547,N/A,2547,2547,2547
08/12/2021,2507,N/A,2507,2507,2507
08/11/2021,2509,N/A,2509,2509,2509
08/10/2021,2468,N/A,2468,2468,2468
08/09/2021,2411,N/A,2411,2411,2411
08/06/2021,2417,N/A,2417,2417,2417
08/05/2021,2405,N/A,2405,2405,2405
08/04/2021,2393,N/A,2393,2393,2393
08/03/2021,2426,N/A,2426,2426,2426
08/02/2021,2363,N/A,2363,2363,2363
07/30/2021,2366,N/A,2366,2366,2366
07/29/2021,2435,N/A,2435,2435,2435
07/28/2021,2427,N/A,2427,2427,2427
07/27/2021,2393,N/A,2393,2393,2393
07/26/2021,2392,N/A,2392,2392,2392
07/23/2021,2321,N/A,2321,2321,2321
07/22/2021,2317,N/A,2317,2317,2317
07/21/2021,2265,N/A,2265,2265,2265
07/20/2021,2257,N/A,2257,2257,2257
07/19/2021,2239,N/A,2239,2239,2239
07/16/2021,2320,N/A,2320,2320,2320
07/15/2021,2369,N/A,2369,2369,2369
07/14/2021,2402,N/A,2402,2402,2402
07/13/2021,2399,N/A,2399,2399,2399
07/12/2021,2430,N/A,2430,2430,2430
07/09/2021,2347,N/A,2347,2347,2347
07/08/2021,2295,N/A,2295,2295,2295
07/07/2021,2296,N/A,2296,2296,2296
07/06/2021,2298,N/A,2298,2298,2298
07/02/2021,2319,N/A,2319,2319,2319
07/01/2021,2354,N/A,2354,2354,2354
06/30/2021,2389,N/A,2389,2389,2389
06/29/2021,2390,N/A,2390,2390,2390
06/28/2021,2380,N/A,2380,2380,2380
06/25/2021,2380,N/A,2380,2380,2380
06/24/2021,2344,N/A,2344,2344,2344
06/23/2021,2369,N/A,2369,2369,2369
06/22/2021,2396,N/A,2396,2396,2396
06/21/2021,2378,N/A,2378,2378,2378
06/18/2021,2372,N/A,2372,2372,2372
06/17/2021,2381,N/A,2381,2381,2381
06/16/2021,2347,N/A,2347,2347,2347
06/15/2021,2373,N/A,2373,2373,2373
06/14/2021,2396,N/A,2396,2396,2396
06/11/2021,2350,N/A,2350,2350,2350
06/10/2021,2383,N/A,2383,2383,2383
06/09/2021,2348,N/A,2348,2348,2348
06/08/2021,2375,N/A,2375,2375,2375
06/07/2021,2409,N/A,2409,2409,2409
06/04/2021,2409,N/A,2409,2409,2409
06/03/2021,2415,N/A,2415,2415,2415
06/02/2021,2426,N/A,2426,2426,2426
06/01/2021,2431,N/A,2431,2431,2431
05/28/2021,2412,N/A,2412,2412,2412
05/27/2021,2430,N/A,2430,2430,2430
05/26/2021,2422,N/A,2422,2422,2422
05/25/2021,2380,N/A,2380,2380,2380
05/24/2021,2389,N/A,2389,2389,2389
05/21/2021,2456,N/A,2456,2456,2456
05/20/2021,2469,N/A,2469,2469,2469
05/19/2021,2469,N/A,2469,2469,2469
05/18/2021,2504,N/A,2504,2504,2504
05/17/2021,2539,N/A,2539,2539,2539
05/14/2021,2474,N/A,2474,2474,2474
05/13/2021,2502,N/A,2502,2502,2502
05/12/2021,2517,N/A,2517,2517,2517
05/11/2021,2466,N/A,2466,2466,2466
05/10/2021,2514,N/A,2514,2514,2514
05/07/2021,2463,N/A,2463,2463,2463
05/06/2021,2413,N/A,2413,2413,2413
05/05/2021,2395,N/A,2395,2395,2395
05/04/2021,2324,N/A,2324,2324,2324
05/03/2021,2369,N/A,2369,2369,2369
04/30/2021,2382,N/A,2382,2382,2382
04/29/2021,2499,N/A,2499,2499,2499
04/28/2021,2472,N/A,2472,2472,2472
04/27/2021,2478,N/A,2478,2478,2478
04/26/2021,2487,N/A,2487,2487,2487
04/23/2021,2450,N/A,2450,2450,2450
04/22/2021,2442,N/A,2442,2442,2442
04/21/2021,2439,N/A,2439,2439,2439
04/20/2021,2419,N/A,2419,2419,2419
04/19/2021,2492,N/A,2492,2492,2492
04/16/2021,2408,N/A,2408,2408,2408
04/15/2021,2413,N/A,2413,2413,2413
04/14/2021,2421,N/A,2421,2421,2421
04/13/2021,2408,N/A,2408,2408,2408
04/12/2021,2367,N/A,2367,2367,2367
04/09/2021,2354,N/A,2354,2354,2354
04/08/2021,2355,N/A,2355,2355,2355
04/07/2021,2389,N/A,2389,2389,2389
04/06/2021,2406,N/A,2406,2406,2406
04/05/2021,2336,N/A,2336,2336,2336
04/01/2021,2392,N/A,2392,2392,2392
03/31/2021,2348,N/A,2348,2348,2348
03/30/2021,2347,N/A,2347,2347,2347
03/29/2021,2436,N/A,2436,2436,2436
03/26/2021,2458,N/A,2458,2458,2458
03/25/2021,2456,N/A,2456,2456,2456
03/24/2021,2435,N/A,2435,2435,2435
03/23/2021,2447,N/A,2447,2447,2447
03/22/2021,2505,N/A,2505,2505,2505
03/19/2021,2493,N/A,2493,2493,2493
03/18/2021,2542,N/A,2542,2542,2542
03/17/2021,2521,N/A,2521,2521,2521
03/16/2021,2526,N/A,2526,2526,2526
03/15/2021,2530,N/A,2530,2530,2530
03/12/2021,2570,N/A,2570,2570,2570
03/11/2021,2593,N/A,2593,2593,2593
03/10/2021,2573,N/A,2573,2573,2573
03/09/2021,2553,N/A,2553,2553,2553
03/08/2021,2533,N/A,2533,2533,2533
03/05/2021,2546,N/A,2546,2546,2546
03/04/2021,2625,N/A,2625,2625,2625
03/03/2021,2657,N/A,2657,2657,2657
03/02/2021,2645,N/A,2645,2645,2645
03/01/2021,2639,N/A,2639,2639,2639
02/26/2021,2604,N/A,2604,2604,2604
02/25/2021,2608,N/A,2608,2608,2608
02/24/2021,2553,N/A,2553,2553,2553
02/23/2021,2499,N/A,2499,2499,2499
02/22/2021,2490,N/A,2490,2490,2490
02/19/2021,2443,N/A,2443,2443,2443
02/18/2021,2391,N/A,2391,2391,2391
02/17/2021,2374,N/A,2374,2374,2374
02/16/2021,2428,N/A,2428,2428,2428
02/12/2021,2433,N/A,2433,2433,2433
02/11/2021,2449,N/A,2449,2449,2449
02/10/2021,2677,N/A,2677,2677,2677
02/09/2021,2581,N/A,2581,2581,2581
02/08/2021,2577,N/A,2577,2577,2577
02/05/2021,2587,N/A,2587,2587,2587
02/04/2021,2532,N/A,2532,2532,2532
02/03/2021,2527,N/A,2527,2527,2527
02/02/2021,2599,N/A,2599,2599,2599
02/01/2021,2547,N/A,2547,2547,2547
01/29/2021,2531,N/A,2531,2531,2531
01/28/2021,2510,N/A,2510,2510,2510
01/27/2021,2504,N/A,2504,2504,2504
01/26/2021,2545,N/A,2545,2545,2545
01/25/2021,2508,N/A,2508,2508,2508
01/22/2021,2529,N/A,2529,2529,2529
01/21/2021,2550,N/A,2550,2550,2550
01/20/2021,2569,N/A,2569,2569,2569
01/19/2021,2590,N/A,2590,2590,2590
01/15/2021,2527,N/A,2527,2527,2527
01/14/2021,2500,N/A,2500,2500,2500
01/13/2021,2499,N/A,2499,2499,2499
01/12/2021,2498,N/A,2498,2498,2498
01/11/2021,2480,N/A,2480,2480,2480
01/08/2021,2516,N/A,2516,2516,2516
01/07/2021,2547,N/A,2547,2547,2547
01/06/2021,2486,N/A,2486,2486,2486
01/05/2021,2514,N/A,2514,2514,2514
01/04/2021,2552,N/A,2552,2552,2552
12/31/2020,2603,N/A,2603,2603,2603
12/30/2020,2597,N/A,2597,2597,2597
12/29/2020,2507,N/A,2507,2507,2507
12/28/2020,2560,N/A,2560,2560,2560
12/24/2020,2593,N/A,2593,2593,2593
12/23/2020,2557,N/A,2557,2557,2557
12/22/2020,2535,N/A,2535,2535,2535
12/21/2020,2555,N/A,2555,2555,2555
12/18/2020,2506,N/A,2506,2506,2506
12/17/2020,2541,N/A,2541,2541,2541
12/16/2020,2517,N/A,2517,2517,2517
12/15/2020,2541,N/A,2541,2541,2541
12/14/2020,2589,N/A,2589,2589,2589
12/11/2020,2622,N/A,2622,2622,2622
12/10/2020,2567,N/A,2567,2567,2567
12/09/2020,2549,N/A,2549,2549,2549
12/08/2020,2575,N/A,2575,2575,2575
12/07/2020,2636,N/A,2636,2636,2636
12/04/2020,2654,N/A,2654,2654,2654
12/03/2020,2651,N/A,2651,2651,2651
12/02/2020,2638,N/A,2638,2638,2638
12/01/2020,2691,N/A,2691,2691,2691
11/30/2020,2739,N/A,2739,2739,2739
11/27/2020,2766,N/A,2766,2766,2766
11/25/2020,2724,N/A,2724,2724,2724
11/24/2020,2785,N/A,2785,2785,2785
11/23/2020,2753,N/A,2753,2753,2753
11/20/2020,2712,N/A,2712,2712,2712
11/19/2020,2665,N/A,2665,2665,2665
11/18/2020,2580,N/A,2580,2580,2580
11/17/2020,2517,N/A,2517,2517,2517
11/16/2020,2435,N/A,2435,2435,2435
11/13/2020,2365,N/A,2365,2365,2365
11/12/2020,2340,N/A,2340,2340,2340
11/11/2020,2353,N/A,2353,2353,2353
11/10/2020,2339,N/A,2339,2339,2339
11/09/2020,2390,N/A,2390,2390,2390
11/06/2020,2333,N/A,2333,2333,2333
11/05/2020,2312,N/A,2312,2312,2312
11/04/2020,2276,N/A,2276,2276,2276
11/03/2020,2290,N/A,2290,2290,2290
11/02/2020,2257,N/A,2257,2257,2257
10/30/2020,2293,N/A,2293,2293,2293
10/29/2020,2339,N/A,2339,2339,2339
10/28/2020,2376,N/A,2376,2376,2376
10/27/2020,2452,N/A,2452,2452,2452
10/26/2020,2497,N/A,2497,2497,2497
10/23/2020,2479,N/A,2479,2479,2479
10/22/2020,2474,N/A,2474,2474,2474
10/21/2020,2427,N/A,2427,2427,2427
10/20/2020,2382,N/A,2382,2382,2382
10/19/2020,2425,N/A,2425,2425,2425
10/16/2020,2361,N/A,2361,2361,2361
10/15/2020,2343,N/A,2343,2343,2343
10/14/2020,2391,N/A,2391,2391,2391
10/13/2020,2381,N/A,2381,2381,2381
10/12/2020,2444,N/A,2444,2444,2444
10/09/2020,2432,N/A,2432,2432,2432
10/08/2020,2473,N/A,2473,2473,2473
10/07/2020,2452,N/A,2452,2452,2452
10/06/2020,2437,N/A,2437,2437,2437
10/05/2020,2459,N/A,2459,2459,2459
10/02/2020,2482,N/A,2482,2482,2482
10/01/2020,2508,N/A,2508,2508,2508
09/30/2020,2546,N/A,2546,2546,2546
09/29/2020,2588,N/A,2588,2588,2588
09/28/2020,2587,N/A,2587,2587,2587
09/25/2020,2568,N/A,2568,2568,2568
09/24/2020,2599,N/A,2599,2599,2599
09/23/2020,2580,N/A,2580,2580,2580
09/22/2020,2556,N/A,2556,2556,2556
09/21/2020,2629,N/A,2629,2629,2629
09/18/2020,2641,N/A,2641,2641,2641
09/17/2020,2600,N/A,2600,2600,2600
09/16/2020,2602,N/A,2602,2602,2602
09/15/2020,2694,N/A,2694,2694,2694
09/14/2020,2556,N/A,2556,2556,2556
09/11/2020,2548,N/A,2548,2548,2548
09/10/2020,2537,N/A,2537,2537,2537
09/09/2020,2562,N/A,2562,2562,2562
09/08/2020,2555,N/A,2555,2555,2555
09/04/2020,2595,N/A,2595,2595,2595
09/03/2020,2634,N/A,2634,2634,2634
09/02/2020,2681,N/A,2681,2681,2681
09/01/2020,2666,N/A,2666,2666,2666
08/31/2020,2654,N/A,2654,2654,2654
08/28/2020,2623,N/A,2623,2623,2623
08/27/2020,2539,N/A,2539,2539,2539
08/26/2020,2476,N/A,2476,2476,2476
08/25/2020,2487,N/A,2487,2487,2487
08/24/2020,2459,N/A,2459,2459,2459
08/21/2020,2409,N/A,2409,2409,2409
08/20/2020,2400,N/A,2400,2400,2400
08/19/2020,2460,N/A,2460,2460,2460
08/18/2020,2445,N/A,2445,2445,2445
08/17/2020,2421,N/A,2421,2421,2421
08/14/2020,2436,N/A,2436,2436,2436
08/13/2020,2487,N/A,2487,2487,2487
08/12/2020,2479,N/A,2479,2479,2479
08/11/2020,2458,N/A,2458,2458,2458
08/10/2020,2495,N/A,2495,2495,2495
08/07/2020,2546,N/A,2546,2546,2546
08/06/2020,2510,N/A,2510,2510,2510
08/05/2020,2481,N/A,2481,2481,2481
08/04/2020,2449,N/A,2449,2449,2449
08/03/2020,2469,N/A,2469,2469,2469
07/31/2020,2400,N/A,2400,2400,2400
07/30/2020,2344,N/A,2344,2344,2344
07/29/2020,2341,N/A,2341,2341,2341
07/28/2020,2291,N/A,2291,2291,2291
07/27/2020,2286,N/A,2286,2286,2286
07/24/2020,2224,N/A,2224,2224,2224
07/23/2020,2202,N/A,2202,2202,2202
07/22/2020,2205,N/A,2205,2205,2205
07/21/2020,2176,N/A,2176,2176,2176
07/20/2020,2219,N/A,2219,2219,2219
07/17/2020,2160,N/A,2160,2160,2160
07/16/2020,2161,N/A,2161,2161,2161
07/15/2020,2135,N/A,2135,2135,2135
07/14/2020,2155,N/A,2155,2155,2155
07/13/2020,2193,N/A,2193,2193,2193
07/10/2020,2160,N/A,2160,2160,2160
07/09/2020,2149,N/A,2149,2149,2149
07/08/2020,2100,N/A,2100,2100,2100
07/07/2020,2148,N/A,2148,2148,2148
07/06/2020,2152,N/A,2152,2152,2152
07/02/2020,2179,N/A,2179,2179,2179
07/01/2020,2169,N/A,2169,2169,2169
06/30/2020,2186,N/A,2186,2186,2186
06/29/2020,2238,N/A,2238,2238,2238
06/26/2020,2277,N/A,2277,2277,2277
06/25/2020,2386,N/A,2386,2386,2386
06/24/2020,2306,N/A,2306,2306,2306
06/23/2020,2290,N/A,2290,2290,2290
06/22/2020,2270,N/A,2270,2270,2270
06/19/2020,2252,N/A,2252,2252,2252
06/18/2020,2270,N/A,2270,2270,2270
06/17/2020,2230,N/A,2230,2230,2230
06/16/2020,2360,N/A,2360,2360,2360
06/15/2020,2355,N/A,2355,2355,2355
06/12/2020,2396,N/A,2396,2396,2396
06/11/2020,2362,N/A,2362,2362,2362
06/10/2020,2470,N/A,2470,2470,2470
06/09/2020,2484,N/A,2484,2484,2484
06/08/2020,2413,N/A,2413,2413,2413
06/05/2020,2398,N/A,2398,2398,2398
06/04/2020,2396,N/A,2396,2396,2396
06/03/2020,2395,N/A,2395,2395,2395
06/02/2020,2402,N/A,2402,2402,2402
06/01/2020,2493,N/A,2493,2493,2493
05/29/2020,2454,N/A,2454,2454,2454
05/28/2020,2429,N/A,2429,2429,2429
05/27/2020,2363,N/A,2363,2363,2363
05/26/2020,2394,N/A,2394,2394,2394
05/22/2020,2394,N/A,2394,2394,2394
05/21/2020,2340,N/A,2340,2340,2340
05/20/2020,2401,N/A,2401,2401,2401
05/19/2020,2435,N/A,2435,2435,2435
05/18/2020,2404,N/A,2404,2404,2404
05/15/2020,2399,N/A,2399,2399,2399
05/14/2020,2413,N/A,2413,2413,2413
05/13/2020,2456,N/A,2456,2456,2456
05/12/2020,2402,N/A,2402,2402,2402
05/11/2020,2463,N/A,2463,2463,2463
05/08/2020,2400,N/A,2400,2400,2400
05/07/2020,2381,N/A,2381,2381,2381
05/06/2020,2363,N/A,2363,2363,2363
05/05/2020,2378,N/A,2378,2378,2378
05/04/2020,2387,N/A,2387,2387,2387
05/01/2020,2402,N/A,2402,2402,2402
04/30/2020,2414,N/A,2414,2414,2414
04/29/2020,2377,N/A,2377,2377,2377
04/28/2020,2342,N/A,2342,2342,2342
04/27/2020,2330,N/A,2330,2330,2330
04/24/2020,2323,N/A,2323,2323,2323
04/23/2020,2363,N/A,2363,2363,2363
04/22/2020,2375,N/A,2375,2375,2375
04/21/2020,2318,N/A,2318,2318,2318
04/20/2020,2358,N/A,2358,2358,2358
04/17/2020,2368,N/A,2368,2368,2368
04/16/2020,2235,N/A,2235,2235,2235
04/15/2020,2205,N/A,2205,2205,2205
04/14/2020,2265,N/A,2265,2265,2265
04/13/2020,2253,N/A,2253,2253,2253
04/09/2020,2305,N/A,2305,2305,2305
04/08/2020,2379,N/A,2379,2379,2379
04/07/2020,2410,N/A,2410,2410,2410
04/06/2020,2366,N/A,2366,2366,2366
04/03/2020,2264,N/A,2264,2264,2264
04/02/2020,2285,N/A,2285,2285,2285
04/01/2020,2227,N/A,2227,2227,2227
03/31/2020,2249,N/A,2249,2249,2249
03/30/2020,2265,N/A,2265,2265,2265
03/27/2020,2257,N/A,2257,2257,2257
03/26/2020,2255,N/A,2255,2255,2255
03/25/2020,2248,N/A,2248,2248,2248
03/24/2020,2275,N/A,2275,2275,2275
03/23/2020,2257,N/A,2257,2257,2257
03/20/2020,2230,N/A,2230,2230,2230
03/19/2020,2216,N/A,2216,2216,2216
03/18/2020,2284,N/A,2284,2284,2284
03/17/2020,2318,N/A,2318,2318,2318
03/16/2020,2331,N/A,2331,2331,2331
03/13/2020,2425,N/A,2425,2425,2425
03/12/2020,2495,N/A,2495,2495,2495
03/11/2020,2625,N/A,2625,2625,2625
03/10/2020,2577,N/A,2577,2577,2577
03/09/2020,2545,N/A,2545,2545,2545
03/06/2020,2561,N/A,2561,2561,2561
03/05/2020,2597,N/A,2597,2597,2597
03/04/2020,2626,N/A,2626,2626,2626
03/03/2020,2653,N/A,2653,2653,2653
03/02/2020,2661,N/A,2661,2661,2661
02/28/2020,2672,N/A,2672,2672,2672
02/27/2020,2745,N/A,2745,2745,2745
02/26/2020,2739,N/A,2739,2739,2739
02/25/2020,2806,N/A,2806,2806,2806
02/24/2020,2801,N/A,2801,2801,2801
02/21/2020,2843,N/A,2843,2843,2843
02/20/2020,2860,N/A,2860,2860,2860
02/19/2020,2847,N/A,2847,2847,2847
02/18/2020,2846,N/A,2846,2846,2846
02/14/2020,2886,N/A,2886,2886,2886
02/13/2020,2988,N/A,2988,2988,2988
02/12/2020,2904,N/A,2904,2904,2904
02/11/2020,2918,N/A,2918,2918,2918
02/10/2020,2940,N/A,2940,2940,2940
02/07/2020,2900,N/A,2900,2900,2900
02/06/2020,2849,N/A,2849,2849,2849
02/05/2020,2790,N/A,2790,2790,2790
02/04/2020,2757,N/A,2757,2757,2757
02/03/2020,2734,N/A,2734,2734,2734
01/31/2020,2801,N/A,2801,2801,2801
01/30/2020,2801,N/A,2801,2801,2801
01/29/2020,2727,N/A,2727,2727,2727
01/28/2020,2703,N/A,2703,2703,2703
01/27/2020,2734,N/A,2734,2734,2734
01/24/2020,2733,N/A,2733,2733,2733
01/23/2020,2771,N/A,2771,2771,2771
01/22/2020,2803,N/A,2803,2803,2803
01/21/2020,2818,N/A,2818,2818,2818
01/17/2020,2797,N/A,2797,2797,2797
01/16/2020,2712,N/A,2712,2712,2712
01/15/2020,2689,N/A,2689,2689,2689
01/14/2020,2655,N/A,2655,2655,2655
01/13/2020,2583,N/A,2583,2583,2583
01/10/2020,2589,N/A,2589,2589,2589
01/09/2020,2554,N/A,2554,2554,2554
01/08/2020,2501,N/A,2501,2501,2501
01/07/2020,2533,N/A,2533,2533,2533
01/06/2020,2484,N/A,2484,2484,2484
01/03/2020,2519,N/A,2519,2519,2519
01/02/2020,2532,N/A,2532,2532,2532
12/31/2019,2540,N/A,2540,2540,2540
12/30/2019,2463,N/A,2463,2463,2463
12/27/2019,2497,N/A,2497,2497,2497
12/26/2019,2405,N/A,2405,2405,2405
12/24/2019,2443,N/A,2443,2443,2443
12/23/2019,2427,N/A,2427,2427,2427
12/20/2019,2417,N/A,2417,2417,2417
12/19/2019,2435,N/A,2435,2435,2435
12/18/2019,2506,N/A,2506,2506,2506
12/17/2019,2534,N/A,2534,2534,2534
12/16/2019,2545,N/A,2545,2545,2545
12/13/2019,2572,N/A,2572,2572,2572
12/12/2019,2521,N/A,2521,2521,2521
12/11/2019,2568,N/A,2568,2568,2568
12/10/2019,2585,N/A,2585,2585,2585
12/09/2019,2601,N/A,2601,2601,2601
12/06/2019,2607,N/A,2607,2607,2607
12/05/2019,2580,N/A,2580,2580,2580
12/04/2019,2547,N/A,2547,2547,2547
12/03/2019,2565,N/A,2565,2565,2565
12/02/2019,2544,N/A,2544,2544,2544
11/29/2019,2568,N/A,2568,2568,2568
11/27/2019,2597,N/A,2597,2597,2597
11/26/2019,2656,N/A,2656,2656,2656
11/25/2019,2598,N/A,2598,2598,2598
11/22/2019,2617,N/A,2617,2617,2617
11/21/2019,2642,N/A,2642,2642,2642
11/20/2019,2628,N/A,2628,2628,2628
11/19/2019,2653,N/A,2653,2653,2653
11/18/2019,2664,N/A,2664,2664,2664
11/15/2019,2681,N/A,2681,2681,2681
11/14/2019,2761,N/A,2761,2761,2761
11/13/2019,2675,N/A,2675,2675,2675
11/12/2019,2633,N/A,2633,2633,2633
11/11/2019,2533,N/A,2533,2533,2533
11/08/2019,2503,N/A,2503,2503,2503
11/07/2019,2440,N/A,2440,2440,2440
11/06/2019,2444,N/A,2444,2444,2444
11/05/2019,2484,N/A,2484,2484,2484
11/04/2019,2486,N/A,2486,2486,2486
11/01/2019,2478,N/A,2478,2478,2478
10/31/2019,2403,N/A,2403,2403,2403
10/30/2019,2454,N/A,2454,2454,2454
10/29/2019,2485,N/A,2485,2485,2485
10/28/2019,2463,N/A,2463,2463,2463
10/25/2019,2435,N/A,2435,2435,2435
10/24/2019,2463,N/A,2463,2463,2463
10/23/2019,2457,N/A,2457,2457,2457
10/22/2019,2448,N/A,2448,2448,2448
10/21/2019,2474,N/A,2474,2474,2474
10/18/2019,2486,N/A,2486,2486,2486
10/17/2019,2488,N/A,2488,2488,2488
10/16/2019,2515,N/A,2515,2515,2515
10/15/2019,2522,N/A,2522,2522,2522
10/14/2019,2449,N/A,2449,2449,2449
10/11/2019,2506,N/A,2506,2506,2506
10/10/2019,2460,N/A,2460,2460,2460
10/09/2019,2407,N/A,2407,2407,2407
10/08/2019,2448,N/A,2448,2448,2448
10/07/2019,2422,N/A,2422,2422,2422
10/04/2019,2475,N/A,2475,2475,2475
10/03/2019,2520,N/A,2520,2520,2520
10/02/2019,2482,N/A,2482,2482,2482
10/01/2019,2453,N/A,2453,2453,2453
09/30/2019,2442,N/A,2442,2442,2442
09/27/2019,2490,N/A,2490,2490,2490
09/26/2019,2505,N/A,2505,2505,2505
09/25/2019,2469,N/A,2469,2469,2469
09/24/2019,2439,N/A,2439,2439,2439
09/23/2019,2454,N/A,2454,2454,2454
09/20/2019,2473,N/A,2473,2473,2473
09/19/2019,2468,N/A,2468,2468,2468
09/18/2019,2401,N/A,2401,2401,2401
09/17/2019,2394,N/A,2394,2394,2394
09/16/2019,2383,N/A,2383,2383,2383
09/13/2019,2337,N/A,2337,2337,2337
09/12/2019,2319,N/A,2319,2319,2319
09/11/2019,2304,N/A,2304,2304,2304
09/10/2019,2287,N/A,2287,2287,2287
09/09/2019,2304,N/A,2304,2304,2304
09/06/2019,2277,N/A,2277,2277,2277
09/05/2019,2245,N/A,2245,2245,2245
09/04/2019,2269,N/A,2269,2269,2269
09/03/2019,2245,N/A,2245,2245,2245
08/30/2019,2222,N/A,2222,2222,2222
08/29/2019,2185,N/A,2185,2185,2185
08/28/2019,2243,N/A,2243,2243,2243
08/27/2019,2247,N/A,2247,2247,2247
08/26/2019,2238,N/A,2238,2238,2238
08/23/2019,2238,N/A,2238,2238,2238
08/22/2019,2230,N/A,2230,2230,2230
08/21/2019,2207,N/A,2207,2207,2207
08/20/2019,2174,N/A,2174,2174,2174
08/19/2019,2191,N/A,2191,2191,2191
08/16/2019,2187,N/A,2187,2187,2187
08/15/2019,2134,N/A,2134,2134,2134
08/14/2019,2143,N/A,2143,2143,2143
08/13/2019,2153,N/A,2153,2153,2153
08/12/2019,2194,N/A,2194,2194,2194
08/09/2019,2195,N/A,2195,2195,2195
08/08/2019,2205,N/A,2205,2205,2205
08/07/2019,2224,N/A,2224,2224,2224
08/06/2019,2252,N/A,2252,2252,2252
08/05/2019,2308,N/A,2308,2308,2308
08/02/2019,2320,N/A,2320,2320,2320
08/01/2019,2329,N/A,2329,2329,2329
07/31/2019,2345,N/A,2345,2345,2345
07/30/2019,2379,N/A,2379,2379,2379
07/29/2019,2383,N/A,2383,2383,2383
07/26/2019,2389,N/A,2389,2389,2389
07/25/2019,2434,N/A,2434,2434,2434
07/24/2019,2463,N/A,2463,2463,2463
07/23/2019,2475,N/A,2475,2475,2475
07/22/2019,2532,N/A,2532,2532,2532
07/19/2019,2467,N/A,2467,2467,2467
07/18/2019,2440,N/A,2440,2440,2440
07/17/2019,2424,N/A,2424,2424,2424
07/16/2019,2429,N/A,2429,2429,2429
07/15/2019,2420,N/A,2420,2420,2420
07/12/2019,2503,N/A,2503,2503,2503
07/11/2019,2491,N/A,2491,2491,2491
07/10/2019,2509,N/A,2509,2509,2509
07/09/2019,2522,N/A,2522,2522,2522
07/08/2019,2577,N/A,2577,2577,2577
07/05/2019,2463,N/A,2463,2463,2463
07/03/2019,2433,N/A,2433,2433,2433
07/02/2019,2472,N/A,2472,2472,2472
07/01/2019,2501,N/A,2501,2501,2501
06/28/2019,2425,N/A,2425,2425,2425
06/27/2019,2453,N/A,2453,2453,2453
06/26/2019,2461,N/A,2461,2461,2461
06/25/2019,2464,N/A,2464,2464,2464
06/24/2019,2487,N/A,2487,2487,2487
06/21/2019,2502,N/A,2502,2502,2502
06/20/2019,2446,N/A,2446,2446,2446
06/19/2019,2513,N/A,2513,2513,2513
06/18/2019,2500,N/A,2500,2500,2500
06/17/2019,2479,N/A,2479,2479,2479
06/14/2019,2496,N/A,2496,2496,2496
06/13/2019,2527,N/A,2527,2527,2527
06/12/2019,2568,N/A,2568,2568,2568
06/11/2019,2539,N/A,2539,2539,2539
06/10/2019,2544,N/A,2544,2544,2544
06/07/2019,2478,N/A,2478,2478,2478
06/06/2019,2427,8,2441,2441,2441
06/05/2019,2401,N/A,2401,2401,2401
06/04/2019,2360,N/A,2360,2360,2360
06/03/2019,2351,N/A,2351,2351,2351
05/31/2019,2400,N/A,2400,2400,2400
05/30/2019,2428,N/A,2428,2428,2428
05/29/2019,2438,N/A,2438,2438,2438
05/28/2019,2450,N/A,2450,2450,2450
05/24/2019,2467,N/A,2467,2467,2467
05/23/2019,2426,N/A,2426,2426,2426
05/22/2019,2413,N/A,2413,2413,2413
05/21/2019,2446,N/A,2446,2446,2446
05/20/2019,2387,N/A,2387,2387,2387
05/17/2019,2353,N/A,2353,2353,2353
05/16/2019,2372,N/A,2372,2372,2372
05/15/2019,2321,N/A,2321,2321,2321
05/14/2019,2293,N/A,2293,2293,2293
05/13/2019,2287,N/A,2287,2287,2287
05/10/2019,2312,N/A,2312,2312,2312
05/09/2019,2336,N/A,2336,2336,2336
05/08/2019,2305,N/A,2305,2305,2305
05/07/2019,2301,N/A,2301,2301,2301
05/06/2019,2340,N/A,2340,2340,2340
05/03/2019,2379,N/A,2379,2379,2379
05/02/2019,2374,N/A,2374,2374,2374
05/01/2019,2315,N/A,2315,2315,2315
04/30/2019,2359,N/A,2359,2359,2359
04/29/2019,2383,N/A,2383,2383,2383
04/26/2019,2335,N/A,2335,2335,2335
04/25/2019,2285,N/A,2285,2285,2285
04/24/2019,2248,N/A,2248,2248,2248
04/23/2019,2292,N/A,2292,2292,2292
04/22/2019,2342,N/A,2342,2342,2342
04/18/2019,2372,N/A,2372,2372,2372
04/17/2019,2403,N/A,2403,2403,2403
04/16/2019,2346,N/A,2346,2346,2346
04/15/2019,2406,N/A,2406,2406,2406
04/12/2019,2424,N/A,2424,2424,2424
04/11/2019,2388,N/A,2388,2388,2388
04/10/2019,2443,N/A,2443,2443,2443
04/09/2019,2446,N/A,2446,2446,2446
04/08/2019,2430,N/A,2430,2430,2430
04/05/2019,2413,N/A,2413,2413,2413
04/04/2019,2415,N/A,2415,2415,2415
04/03/2019,2376,N/A,2376,2376,2376
04/02/2019,2356,N/A,2356,2356,2356
04/01/2019,2327,N/A,2327,2327,2327
03/29/2019,2280,N/A,2280,2280,2280
03/28/2019,2257,N/A,2257,2257,2257
03/27/2019,2248,N/A,2248,2248,2248
03/26/2019,2237,N/A,2237,2237,2237
03/25/2019,2216,N/A,2216,2216,2216
03/22/2019,2159,N/A,2159,2159,2159
03/21/2019,2132,N/A,2132,2132,2132
03/20/2019,2143,N/A,2143,2143,2143
03/19/2019,2202,N/A,2202,2202,2202
03/18/2019,2196,N/A,2196,2196,2196
03/15/2019,2197,N/A,2197,2197,2197
03/14/2019,2214,N/A,2214,2214,2214
03/13/2019,2216,N/A,2216,2216,2216
03/12/2019,2217,N/A,2217,2217,2217
03/11/2019,2202,N/A,2202,2202,2202
03/08/2019,2198,N/A,2198,2198,2198
03/07/2019,2182,N/A,2182,2182,2182
03/06/2019,2245,N/A,2245,2245,2245
03/05/2019,2157,N/A,2157,2157,2157
03/04/2019,2156,N/A,2156,2156,2156
03/01/2019,2217,N/A,2217,2217,2217
02/28/2019,2247,N/A,2247,2247,2247
02/27/2019,2313,N/A,2313,2313,2313
02/26/2019,2276,N/A,2276,2276,2276
02/25/2019,2256,N/A,2256,2256,2256
02/22/2019,2288,N/A,2288,2288,2288
02/21/2019,2275,N/A,2275,2275,2275
02/20/2019,2317,N/A,2317,2317,2317
02/19/2019,2350,N/A,2350,2350,2350
02/15/2019,2339,N/A,2339,2339,2339
02/14/2019,2270,N/A,2270,2270,2270
02/13/2019,2248,N/A,2248,2248,2248
02/12/2019,2227,N/A,2227,2227,2227
02/11/2019,2224,N/A,2224,2224,2224
02/08/2019,2196,N/A,2196,2196,2196
02/07/2019,2221,N/A,2221,2221,2221
02/06/2019,2257,N/A,2257,2257,2257
02/05/2019,2219,N/A,2219,2219,2219
02/04/2019,2228,N/A,2228,2228,2228
02/01/2019,2168,N/A,2168,2168,2168
01/31/2019,2168,N/A,2168,2168,2168
01/30/2019,2176,N/A,2176,2176,2176
01/29/2019,2215,N/A,2215,2215,2215
01/28/2019,2250,N/A,2250,2250,2250
01/25/2019,2225,N/A,2225,2225,2225
01/24/2019,2256,N/A,2256,2256,2256
01/23/2019,2245,N/A,2245,2245,2245
01/22/2019,2246,N/A,2246,2246,2246
01/18/2019,2307,N/A,2307,2307,2307
01/17/2019,2335,N/A,2335,2335,2335
01/16/2019,2322,N/A,2322,2322,2322
01/15/2019,2274,N/A,2274,2274,2274
01/14/2019,2341,N/A,2341,2341,2341
01/11/2019,2356,N/A,2356,2356,2356
01/10/2019,2369,N/A,2369,2369,2369
01/09/2019,2351,N/A,2351,2351,2351
01/08/2019,2382,N/A,2382,2382,2382
01/07/2019,2410,N/A,2410,2410,2410
01/04/2019,2361,N/A,2361,2361,2361
01/03/2019,2400,N/A,2400,2400,2400
01/02/2019,2394,N/A,2394,2394,2394
12/31/2018,2416,N/A,2416,2416,2416
12/28/2018,2408,N/A,2408,2408,2408
12/27/2018,2373,N/A,2373,2373,2373
12/26/2018,2429,N/A,2429,2429,2429
12/24/2018,2315,N/A,2315,2315,2315
12/21/2018,2271,N/A,2271,2271,2271
12/20/2018,2271,N/A,2271,2271,2271
12/19/2018,2317,N/A,2317,2317,2317
12/18/2018,2271,N/A,2271,2271,2271
12/17/2018,2230,N/A,2230,2230,2230
12/14/2018,2237,N/A,2237,2237,2237
12/13/2018,2250,N/A,2250,2250,2250
12/12/2018,2162,N/A,2162,2162,2162
12/11/2018,2116,N/A,2116,2116,2116
12/10/2018,2206,N/A,2206,2206,2206
12/07/2018,2225,N/A,2225,2225,2225
12/06/2018,2128,N/A,2128,2128,2128
12/05/2018,2110,N/A,2110,2110,2110
12/04/2018,2187,N/A,2187,2187,2187
12/03/2018,2203,N/A,2203,2203,2203
11/30/2018,2203,N/A,2203,2203,2203
11/29/2018,2165,N/A,2165,2165,2165
11/28/2018,2121,N/A,2121,2121,2121
11/27/2018,2145,N/A,2145,2145,2145
11/26/2018,2116,N/A,2116,2116,2116
11/23/2018,2122,N/A,2122,2122,2122
11/21/2018,2145,N/A,2145,2145,2145
11/20/2018,2190,N/A,2190,2190,2190
11/19/2018,2206,N/A,2206,2206,2206
11/16/2018,2234,N/A,2234,2234,2234
11/15/2018,2166,N/A,2166,2166,2166
11/14/2018,2158,N/A,2158,2158,2158
11/13/2018,2211,N/A,2211,2211,2211
11/12/2018,2209,N/A,2209,2209,2209
11/09/2018,2250,N/A,2250,2250,2250
11/08/2018,2265,N/A,2265,2265,2265
11/07/2018,2383,N/A,2383,2383,2383
11/06/2018,2379,N/A,2379,2379,2379
11/05/2018,2312,N/A,2312,2312,2312
11/02/2018,2267,N/A,2267,2267,2267
11/01/2018,2264,N/A,2264,2264,2264
10/31/2018,2234,N/A,2234,2234,2234
10/30/2018,2215,N/A,2215,2215,2215
10/29/2018,2195,N/A,2195,2195,2195
10/26/2018,2251,N/A,2251,2251,2251
10/25/2018,2209,N/A,2209,2209,2209
10/24/2018,2137,N/A,2137,2137,2137
10/23/2018,2187,N/A,2187,2187,2187
10/22/2018,2220,N/A,2220,2220,2220
10/19/2018,2162,N/A,2162,2162,2162
10/18/2018,2145,N/A,2145,2145,2145
10/17/2018,2226,N/A,2226,2226,2226
10/16/2018,2194,N/A,2194,2194,2194
10/15/2018,2141,N/A,2141,2141,2141
10/12/2018,2160,N/A,2160,2160,2160
10/11/2018,2097,N/A,2097,2097,2097
10/10/2018,2088,N/A,2088,2088,2088
10/09/2018,2119,N/A,2119,2119,2119
10/08/2018,2086,N/A,2086,2086,2086
10/05/2018,2024,N/A,2024,2024,2024
10/04/2018,2010,N/A,2010,2010,2010
10/03/2018,2019,N/A,2019,2019,2019
10/02/2018,2086,N/A,2086,2086,2086
10/01/2018,1990,N/A,1990,1990,1990
09/28/2018,2057,N/A,2057,2057,2057
09/27/2018,2114,N/A,2114,2114,2114
09/26/2018,2151,N/A,2151,2151,2151
09/25/2018,2195,N/A,2195,2195,2195
09/24/2018,2235,N/A,2235,2235,2235
09/21/2018,2167,N/A,2167,2167,2167
09/20/2018,2201,N/A,2201,2201,2201
09/19/2018,2195,N/A,2195,2195,2195
09/18/2018,2242,N/A,2242,2242,2242
09/17/2018,2236,N/A,2236,2236,2236
09/14/2018,2219,N/A,2219,2219,2219
09/13/2018,2315,N/A,2315,2315,2315
09/12/2018,2325,N/A,2325,2325,2325
09/11/2018,2284,N/A,2284,2284,2284
09/10/2018,2300,N/A,2300,2300,2300
09/07/2018,2259,N/A,2259,2259,2259
09/06/2018,2281,N/A,2281,2281,2281
09/05/2018,2311,N/A,2311,2311,2311
09/04/2018,2332,N/A,2332,2332,2332
08/31/2018,2336,N/A,2336,2336,2336
08/30/2018,2275,N/A,2275,2275,2275
08/29/2018,2349,N/A,2349,2349,2349
08/28/2018,2320,N/A,2320,2320,2320
08/27/2018,2346,N/A,2346,2346,2346
08/24/2018,2364,N/A,2364,2364,2364
08/23/2018,2337,N/A,2337,2337,2337
08/22/2018,2313,N/A,2313,2313,2313
08/21/2018,2259,N/A,2259,2259,2259
08/20/2018,2195,N/A,2195,2195,2195
08/17/2018,2149,N/A,2149,2149,2149
08/16/2018,2104,N/A,2104,2104,2104
08/15/2018,2083,N/A,2083,2083,2083
08/14/2018,2108,N/A,2108,2108,2108
08/13/2018,2121,N/A,2121,2121,2121
08/10/2018,2086,N/A,2086,2086,2086
08/09/2018,2081,N/A,2081,2081,2081
08/08/2018,2111,N/A,2111,2111,2111
08/07/2018,2103,N/A,2103,2103,2103
08/06/2018,2122,N/A,2122,2122,2122
08/03/2018,2046,N/A,2046,2046,2046
08/02/2018,2072,N/A,2072,2072,2072
08/01/2018,2070,N/A,2070,2070,2070
07/31/2018,2170,N/A,2170,2170,2170
07/30/2018,2239,N/A,2239,2239,2239
07/27/2018,2233,N/A,2233,2233,2233
07/26/2018,2315,N/A,2315,2315,2315
07/25/2018,2245,N/A,2245,2245,2245
07/24/2018,2257,N/A,2257,2257,2257
07/23/2018,2299,N/A,2299,2299,2299
07/20/2018,2322,N/A,2322,2322,2322
07/19/2018,2292,N/A,2292,2292,2292
07/18/2018,2337,N/A,2337,2337,2337
07/17/2018,2395,N/A,2395,2395,2395
07/16/2018,2406,N/A,2406,2406,2406
07/13/2018,2513,N/A,2513,2513,2513
07/12/2018,2485,N/A,2485,2485,2485
07/11/2018,2480,N/A,2480,2480,2480
07/10/2018,2501,N/A,2501,2501,2501
07/09/2018,2443,N/A,2443,2443,2443
07/06/2018,2465,N/A,2465,2465,2465
07/05/2018,2482,N/A,2482,2482,2482
07/03/2018,2454,N/A,2454,2454,2454
07/02/2018,2501,N/A,2501,2501,2501
06/29/2018,2512,N/A,2512,2512,2512
06/28/2018,2451,N/A,2451,2451,2451
06/27/2018,2380,N/A,2380,2380,2380
06/26/2018,2472,N/A,2472,2472,2472
06/25/2018,2480,N/A,2480,2480,2480
06/22/2018,2514,N/A,2514,2514,2514
06/21/2018,2513,N/A,2513,2513,2513
06/20/2018,2553,N/A,2553,2553,2553
06/19/2018,2453,N/A,2453,2453,2453
06/18/2018,2476,N/A,2476,2476,2476
06/15/2018,2519,N/A,2519,2519,2519
06/14/2018,2450,N/A,2450,2450,2450
06/13/2018,2380,N/A,2380,2380,2380
06/12/2018,2413,N/A,2413,2413,2413
06/11/2018,2372,N/A,2372,2372,2372
06/08/2018,2393,N/A,2393,2393,2393
06/07/2018,2274,N/A,2274,2274,2274
06/06/2018,2296,N/A,2296,2296,2296
06/05/2018,2289,N/A,2289,2289,2289
06/04/2018,2351,N/A,2351,2351,2351
06/01/2018,2458,N/A,2458,2458,2458
05/31/2018,2454,N/A,2454,2454,2454
05/30/2018,2529,N/A,2529,2529,2529
05/29/2018,2497,N/A,2497,2497,2497
05/25/2018,2556,N/A,2556,2556,2556
05/24/2018,2603,N/A,2603,2603,2603
05/23/2018,2618,N/A,2618,2618,2618
05/22/2018,2615,N/A,2615,2615,2615
05/21/2018,2615,N/A,2615,2615,2615
05/18/2018,2678,N/A,2678,2678,2678
05/17/2018,2639,N/A,2639,2639,2639
05/16/2018,2730,N/A,2730,2730,2730
05/15/2018,2674,N/A,2674,2674,2674
05/14/2018,2779,N/A,2779,2779,2779
05/11/2018,2805,N/A,2805,2805,2805
05/10/2018,2762,N/A,2762,2762,2762
05/09/2018,2770,N/A,2770,2770,2770
05/08/2018,2773,N/A,2773,2773,2773
05/07/2018,2848,N/A,2848,2848,2848
05/04/2018,2777,N/A,2777,2777,2777
05/03/2018,2841,N/A,2841,2841,2841
05/02/2018,2813,N/A,2813,2813,2813
05/01/2018,2894,N/A,2894,2894,2894
04/30/2018,2825,1,2759,2759,2759
04/27/2018,2831,N/A,2831,2831,2831
04/26/2018,2802,N/A,2802,2802,2802
04/25/2018,2836,N/A,2836,2836,2836
04/24/2018,2815,N/A,2815,2815,2815
04/23/2018,2726,N/A,2726,2726,2726
04/20/2018,2729,N/A,2729,2729,2729
04/19/2018,2799,N/A,2799,2799,2799
04/18/2018,2800,4,2756,2760,2756
04/17/2018,2704,N/A,2704,2704,2704
04/16/2018,2702,N/A,2702,2702,2702
04/13/2018,2564,N/A,2564,2564,2564
04/12/2018,2542,N/A,2542,2542,2542
04/11/2018,2547,N/A,2547,2547,2547
04/10/2018,2489,N/A,2489,2489,2489
04/09/2018,2502,N/A,2502,2502,2502
04/06/2018,2453,N/A,2453,2453,2453
04/05/2018,2508,N/A,2508,2508,2508
04/04/2018,2475,N/A,2475,2475,2475
04/03/2018,2498,N/A,2498,2498,2498
04/02/2018,2635,N/A,2635,2635,2635
03/29/2018,2556,N/A,2556,2556,2556
03/28/2018,2597,N/A,2597,2597,2597
03/27/2018,2554,N/A,2554,2554,2554
03/26/2018,2629,N/A,2629,2629,2629
03/23/2018,2615,N/A,2615,2615,2615
03/22/2018,2535,N/A,2535,2535,2535
03/21/2018,2524,N/A,2524,2524,2524
03/20/2018,2480,N/A,2480,2480,2480
03/19/2018,2445,N/A,2445,2445,2445
03/16/2018,2522,N/A,2522,2522,2522
03/15/2018,2536,N/A,2536,2536,2536
03/14/2018,2556,N/A,2556,2556,2556
03/13/2018,2532,N/A,2532,2532,2532
03/12/2018,2546,N/A,2546,2546,2546
03/09/2018,2465,N/A,2465,2465,2465
03/08/2018,2493,N/A,2493,2493,2493
03/07/2018,2443,N/A,2443,2443,2443
03/06/2018,2441,N/A,2441,2441,2441
03/05/2018,2446,N/A,2446,2446,2446
03/02/2018,2313,N/A,2313,2313,2313
03/01/2018,2250,N/A,2250,2250,2250
02/28/2018,2218,N/A,2218,2218,2218
02/27/2018,2227,N/A,2227,2227,2227
02/26/2018,2215,N/A,2215,2215,2215
02/23/2018,2194,N/A,2194,2194,2194
02/22/2018,2146,N/A,2146,2146,2146
02/21/2018,2173,N/A,2173,2173,2173
02/20/2018,2148,N/A,2148,2148,2148
02/16/2018,2134,N/A,2134,2134,2134
02/15/2018,2134,N/A,2134,2134,2134
02/14/2018,2084,N/A,2084,2084,2084
02/13/2018,1999,N/A,1999,1999,1999
02/12/2018,1970,N/A,1970,1970,1970
02/09/2018,2031,N/A,2031,2031,2031
02/08/2018,2034,N/A,2034,2034,2034
02/07/2018,2013,N/A,2013,2013,2013
02/06/2018,2041,N/A,2041,2041,2041
02/05/2018,2045,N/A,2045,2045,2045
02/02/2018,2059,N/A,2059,2059,2059
02/01/2018,2017,N/A,2017,2017,2017
01/31/2018,1996,N/A,1996,1996,1996
01/30/2018,1970,N/A,1970,1970,1970
01/29/2018,1946,N/A,1946,1946,1946
01/26/2018,1986,N/A,1986,1986,1986
01/25/2018,1960,N/A,1960,1960,1960
01/24/2018,1955,N/A,1955,1955,1955
01/23/2018,1929,N/A,1929,1929,1929
01/22/2018,1938,N/A,1938,1938,1938
01/19/2018,1931,N/A,1931,1931,1931
01/18/2018,1984,N/A,1984,1984,1984
01/17/2018,1985,N/A,1985,1985,1985
01/16/2018,1932,N/A,1932,1932,1932
01/12/2018,1914,N/A,1914,1914,1914
01/11/2018,1928,N/A,1928,1928,1928
01/10/2018,1941,N/A,1941,1941,1941
01/09/2018,1899,N/A,1899,1899,1899
01/08/2018,1914,N/A,1914,1914,1914
01/05/2018,1895,N/A,1895,1895,1895
01/04/2018,1905,N/A,1905,1905,1905
01/03/2018,1907,N/A,1907,1907,1907
01/02/2018,1936,N/A,1936,1936,1936
12/29/2017,1892,N/A,1892,1892,1892
12/28/2017,1911,N/A,1911,1911,1911
12/27/2017,1866,N/A,1866,1866,1866
12/26/2017,1856,N/A,1856,1856,1856
12/22/2017,1809,N/A,1809,1809,1809
12/21/2017,1907,N/A,1907,1907,1907
12/20/2017,1931,N/A,1931,1931,1931
12/19/2017,1912,N/A,1912,1912,1912
12/18/2017,1922,N/A,1922,1922,1922
12/15/2017,1877,N/A,1877,1877,1877
12/14/2017,1893,1,1882,1882,1882
12/13/2017,1888,N/A,1888,1888,1888
12/12/2017,1867,N/A,1867,1867,1867
12/11/2017,1912,1,1941,1941,1941
12/08/2017,1887,N/A,1887,1887,1887
12/07/2017,1880,N/A,1880,1880,1880
12/06/2017,1906,N/A,1906,1906,1906
12/05/2017,1932,N/A,1932,1932,1932
12/04/2017,2003,N/A,2003,2003,2003
12/01/2017,2041,3,2022,2042,2022
11/30/2017,2049,N/A,2049,2049,2049
11/29/2017,2106,1,2057,2057,2057
11/28/2017,2049,N/A,2049,2049,2049
11/27/2017,2067,N/A,2067,2067,2067
11/24/2017,2107,N/A,2107,2107,2107
11/22/2017,2124,N/A,2124,2124,2124
11/21/2017,2110,N/A,2110,2110,2110
11/20/2017,2089,N/A,2089,2089,2089
11/17/2017,2131,N/A,2131,2131,2131
11/16/2017,2140,N/A,2140,2140,2140
11/15/2017,2133,N/A,2133,2133,2133
11/14/2017,2149,N/A,2149,2149,2149
11/13/2017,2208,N/A,2208,2208,2208
11/10/2017,2223,N/A,2223,2223,2223
11/09/2017,2198,N/A,2198,2198,2198
11/08/2017,2216,N/A,2216,2216,2216
11/07/2017,2163,N/A,2163,2163,2163
11/06/2017,2117,N/A,2117,2117,2117
11/03/2017,2061,N/A,2061,2061,2061
11/02/2017,2052,N/A,2052,2052,2052
11/01/2017,2123,N/A,2123,2123,2123
10/31/2017,2094,N/A,2094,2094,2094
10/30/2017,2118,N/A,2118,2118,2118
10/27/2017,2115,N/A,2115,2115,2115
10/26/2017,2127,N/A,2127,2127,2127
10/25/2017,2079,1,2077,2077,2077
10/24/2017,2084,N/A,2084,2084,2084
10/23/2017,2124,N/A,2124,2124,2124
10/20/2017,2138,N/A,2138,2138,2138
10/19/2017,2145,N/A,2145,2145,2145
10/18/2017,2067,N/A,2067,2067,2067
10/17/2017,2064,N/A,2064,2064,2064
10/16/2017,2044,N/A,2044,2044,2044
10/13/2017,2087,1,2084,2084,2084
10/12/2017,2090,N/A,2090,2090,2090
10/11/2017,2097,N/A,2097,2097,2097
10/10/2017,2045,N/A,2045,2045,2045
10/09/2017,2008,N/A,2008,2008,2008
10/06/2017,2085,N/A,2085,2085,2085
10/05/2017,2084,N/A,2084,2084,2084
10/04/2017,2078,N/A,2078,2078,2078
10/03/2017,2082,N/A,2082,2082,2082
10/02/2017,2037,1,2007,2007,2007
09/29/2017,2043,N/A,2043,2043,2043
09/28/2017,1980,1,2002,2002,2002
09/27/2017,2015,N/A,2015,2015,2015
09/26/2017,1971,N/A,1971,1971,1971
09/25/2017,1972,1,2011,2011,2011
09/22/2017,1983,N/A,1983,1983,1983
09/21/2017,2021,N/A,2021,2021,2021
09/20/2017,1998,N/A,1998,1998,1998
09/19/2017,1965,N/A,1965,1965,1965
09/18/2017,1975,N/A,1975,1975,1975
09/15/2017,2009,N/A,2009,2009,2009
09/14/2017,1973,N/A,1973,1973,1973
09/13/2017,1990,N/A,1990,1990,1990
09/12/2017,1951,N/A,1951,1951,1951
09/11/2017,1934,N/A,1934,1934,1934
09/08/2017,1933,N/A,1933,1933,1933
09/07/2017,1906,N/A,1906,1906,1906
09/06/2017,1917,N/A,1917,1917,1917
09/05/2017,1946,N/A,1946,1946,1946
09/01/2017,1947,N/A,1947,1947,1947
08/31/2017,1926,N/A,1926,1926,1926
08/30/2017,1924,N/A,1924,1924,1924
08/29/2017,1959,N/A,1959,1959,1959
08/28/2017,1997,N/A,1997,1997,1997
08/25/2017,1933,N/A,1933,1933,1933
08/24/2017,1895,N/A,1895,1895,1895
08/23/2017,1871,N/A,1871,1871,1871
08/22/2017,1886,N/A,1886,1886,1886
08/21/2017,1892,N/A,1892,1892,1892
08/18/2017,1878,N/A,1878,1878,1878
08/17/2017,1904,N/A,1904,1904,1904
08/16/2017,1844,N/A,1844,1844,1844
08/15/2017,1865,N/A,1865,1865,1865
08/14/2017,1923,N/A,1923,1923,1923
08/11/2017,1990,N/A,1990,1990,1990
08/10/2017,1967,N/A,1967,1967,1967
08/09/2017,2002,N/A,2002,2002,2002
08/08/2017,2018,N/A,2018,2018,2018
08/07/2017,2029,N/A,2029,2029,2029
08/04/2017,1994,N/A,1994,1994,1994
08/03/2017,2061,N/A,2061,2061,2061
08/02/2017,2055,N/A,2055,2055,2055
08/01/2017,2023,N/A,2023,2023,2023
07/31/2017,2060,N/A,2060,2060,2060
07/28/2017,2060,N/A,2060,2060,2060
07/27/2017,2013,N/A,2013,2013,2013
07/26/2017,1912,N/A,1912,1912,1912
07/25/2017,1926,N/A,1926,1926,1926
07/24/2017,1968,N/A,1968,1968,1968
07/21/2017,1968,N/A,1968,1968,1968
07/20/2017,1956,N/A,1956,1956,1956
07/19/2017,1944,N/A,1944,1944,1944
07/18/2017,1911,N/A,1911,1911,1911
07/17/2017,1910,N/A,1910,1910,1910
07/14/2017,1915,N/A,1915,1915,1915
07/13/2017,1872,N/A,1872,1872,1872
07/12/2017,1821,N/A,1821,1821,1821
07/11/2017,1817,N/A,1817,1817,1817
07/10/2017,1838,N/A,1838,1838,1838
07/07/2017,1872,N/A,1872,1872,1872
07/06/2017,1927,N/A,1927,1927,1927
07/05/2017,1947,N/A,1947,1947,1947
07/03/2017,1958,N/A,1958,1958,1958
06/30/2017,1940,1,1912,1912,1912
06/29/2017,1861,N/A,1861,1861,1861
06/28/2017,1884,N/A,1884,1884,1884
06/27/2017,1863,N/A,1863,1863,1863
06/26/2017,1845,2,1813,1924,1813
06/23/2017,1879,1,1849,1849,1849
06/22/2017,1823,N/A,1823,1823,1823
06/21/2017,1853,1,1842,1842,1842
06/20/2017,1918,N/A,1918,1918,1918
06/19/2017,1934,2,1991,1991,1976
06/16/2017,2028,N/A,2028,2028,2028
06/15/2017,2026,N/A,2026,2026,2026
06/14/2017,2040,N/A,2040,2040,2040
06/13/2017,2022,N/A,2022,2022,2022
06/12/2017,2059,N/A,2059,2059,2059
06/09/2017,2020,N/A,2020,2020,2020
06/08/2017,1963,N/A,1963,1963,1963
06/07/2017,1963,N/A,1963,1963,1963
06/06/2017,1975,N/A,1975,1975,1975
06/05/2017,1988,N/A,1988,1988,1988
06/02/2017,2001,N/A,2001,2001,2001
06/01/2017,2024,N/A,2024,2024,2024
05/31/2017,2048,N/A,2048,2048,2048
05/30/2017,2037,N/A,2037,2037,2037
05/26/2017,1911,N/A,1911,1911,1911
05/25/2017,1877,N/A,1877,1877,1877
05/24/2017,1894,N/A,1894,1894,1894
05/23/2017,2021,N/A,2021,2021,2021
05/22/2017,2035,N/A,2035,2035,2035
05/19/2017,2028,N/A,2028,2028,2028
05/18/2017,2084,N/A,2084,2084,2084
05/17/2017,2054,11,2037,2037,2007
05/16/2017,2034,N/A,2034,2034,2034
05/15/2017,2041,N/A,2041,2041,2041
05/12/2017,2015,N/A,2015,2015,2015
05/11/2017,1952,N/A,1952,1952,1952
05/10/2017,1954,N/A,1954,1954,1954
05/09/2017,1960,N/A,1960,1960,1960
05/08/2017,1955,N/A,1955,1955,1955
05/05/2017,1866,N/A,1866,1866,1866
05/04/2017,1839,10,1786,1786,1780
05/03/2017,1780,N/A,1780,1780,1780
05/02/2017,1805,N/A,1805,1805,1805
05/01/2017,1812,N/A,1812,1812,1812
04/28/2017,1841,N/A,1841,1841,1841
04/27/2017,1868,N/A,1868,1868,1868
04/26/2017,1875,N/A,1875,1875,1875
04/25/2017,1852,N/A,1852,1852,1852
04/24/2017,1816,N/A,1816,1816,1816
04/21/2017,1850,N/A,1850,1850,1850
04/20/2017,1799,N/A,1799,1799,1799
04/19/2017,1873,N/A,1873,1873,1873
04/18/2017,1916,N/A,1916,1916,1916
04/17/2017,1927,N/A,1927,1927,1927
04/13/2017,1915,N/A,1915,1915,1915
04/12/2017,1941,N/A,1941,1941,1941
04/11/2017,1972,N/A,1972,1972,1972
04/10/2017,1955,2,1961,1961,1961
04/07/2017,2006,1,2000,2000,2000
04/06/2017,2087,N/A,2087,2087,2087
04/05/2017,2111,N/A,2111,2111,2111
04/04/2017,2110,N/A,2110,2110,2110
04/03/2017,2107,N/A,2107,2107,2107
03/31/2017,2095,N/A,2095,2095,2095
03/30/2017,2096,N/A,2096,2096,2096
03/29/2017,2086,N/A,2086,2086,2086
03/28/2017,2129,N/A,2129,2129,2129
03/27/2017,2150,N/A,2150,2150,2150
03/24/2017,2131,N/A,2131,2131,2131
03/23/2017,2176,N/A,2176,2176,2176
03/22/2017,2165,N/A,2165,2165,2165
03/21/2017,2154,N/A,2154,2154,2154
03/20/2017,2116,5,2063,2074,2063
03/17/2017,2013,N/A,2013,2013,2013
03/16/2017,2027,N/A,2027,2027,2027
03/15/2017,2048,N/A,2048,2048,2048
03/14/2017,2058,1,2058,2058,2058
03/13/2017,2017,1,1964,1964,1964
03/10/2017,1934,4,1943,1943,1943
03/09/2017,1898,N/A,1898,1898,1898
03/08/2017,1912,N/A,1912,1912,1912
03/07/2017,1917,N/A,1917,1917,1917
03/06/2017,1935,N/A,1935,1935,1935
03/03/2017,1955,1,1940,1940,1940
03/02/2017,1928,7,1903,1934,1869
03/01/2017,1897,13,1902,1902,1882
02/28/2017,1909,N/A,1909,1909,1909
02/27/2017,1982,N/A,1982,1982,1982
02/24/2017,1994,N/A,1994,1994,1994
02/23/2017,2026,N/A,2026,2026,2026
02/22/2017,1995,N/A,1995,1995,1995
02/21/2017,1996,N/A,1996,1996,1996
02/17/2017,2000,N/A,2000,2000,2000
02/16/2017,2042,N/A,2042,2042,2042
02/15/2017,1987,12,1987,1987,1987
02/14/2017,1905,N/A,1905,1905,1905
02/13/2017,1889,N/A,1889,1889,1889
02/10/2017,1939,N/A,1939,1939,1939
02/09/2017,1974,N/A,1974,1974,1974
02/08/2017,1993,N/A,1993,1993,1993
02/07/2017,2005,N/A,2005,2005,2005
02/06/2017,2047,N/A,2047,2047,2047
02/03/2017,2072,N/A,2072,2072,2072
02/02/2017,2084,N/A,2084,2084,2084
02/01/2017,2109,N/A,2109,2109,2109
01/31/2017,2103,N/A,2103,2103,2103
01/30/2017,2078,N/A,2078,2078,2078
01/27/2017,2095,N/A,2095,2095,2095
01/26/2017,2132,N/A,2132,2132,2132
01/25/2017,2192,N/A,2192,2192,2192
01/24/2017,2201,N/A,2201,2201,2201
01/23/2017,2165,N/A,2165,2165,2165
01/20/2017,2140,N/A,2140,2140,2140
01/19/2017,2164,N/A,2164,2164,2164
01/18/2017,2233,N/A,2233,2233,2233
01/17/2017,2235,N/A,2235,2235,2235
01/13/2017,2213,N/A,2213,2213,2213
01/12/2017,2230,6,2169,2169,2166
01/11/2017,2127,N/A,2127,2127,2127
01/10/2017,2207,N/A,2207,2207,2207
01/09/2017,2184,N/A,2184,2184,2184
01/06/2017,2261,N/A,2261,2261,2261
01/05/2017,2262,N/A,2262,2262,2262
01/04/2017,2237,N/A,2237,2237,2237
01/03/2017,2166,N/A,2166,2166,2166
12/30/2016,2126,N/A,2126,2126,2126
12/29/2016,2165,N/A,2165,2165,2165
12/28/2016,2205,12,2235,2237,2231
12/27/2016,2237,N/A,2237,2237,2237
12/23/2016,2264,N/A,2264,2264,2264
12/22/2016,2189,N/A,2189,2189,2189
12/21/2016,2279,N/A,2279,2279,2279
12/20/2016,2256,N/A,2256,2256,2256
12/19/2016,2303,N/A,2303,2303,2303
12/16/2016,2238,N/A,2238,2238,2238
12/15/2016,2242,N/A,2242,2242,2242
12/14/2016,2315,1,2325,2325,2325
12/13/2016,2289,N/A,2289,2289,2289
12/12/2016,2240,N/A,2240,2240,2240
12/09/2016,2170,N/A,2170,2170,2170
12/08/2016,2272,N/A,2272,2272,2272
12/07/2016,2324,N/A,2324,2324,2324
12/06/2016,2358,N/A,2358,2358,2358
12/05/2016,2367,N/A,2367,2367,2367
12/02/2016,2395,N/A,2395,2395,2395
12/01/2016,2406,N/A,2406,2406,2406
11/30/2016,2389,N/A,2389,2389,2389
11/29/2016,2415,N/A,2415,2415,2415
11/28/2016,2402,N/A,2402,2402,2402
11/25/2016,2415,N/A,2415,2415,2415
11/23/2016,2439,N/A,2439,2439,2439
11/22/2016,2440,N/A,2440,2440,2440
11/21/2016,2431,N/A,2431,2431,2431
11/18/2016,2425,N/A,2425,2425,2425
11/17/2016,2419,N/A,2419,2419,2419
11/16/2016,2411,N/A,2411,2411,2411
11/15/2016,2378,N/A,2378,2378,2378
11/14/2016,2392,8,2441,2461,2441
11/11/2016,2453,4,2457,2457,2456
11/10/2016,2450,N/A,2450,2450,2450
11/09/2016,2474,1,2471,2471,2471
11/08/2016,2501,N/A,2501,2501,2501
11/07/2016,2491,N/A,2491,2491,2491
11/04/2016,2581,N/A,2581,2581,2581
11/03/2016,2705,N/A,2705,2705,2705
11/02/2016,2709,N/A,2709,2709,2709
11/01/2016,2696,N/A,2696,2696,2696
10/31/2016,2735,N/A,2735,2735,2735
10/28/2016,2756,N/A,2756,2756,2756
10/27/2016,2732,N/A,2732,2732,2732
10/26/2016,2769,N/A,2769,2769,2769
10/25/2016,2735,N/A,2735,2735,2735
10/24/2016,2705,N/A,2705,2705,2705
10/21/2016,2725,2,2772,2772,2772
10/20/2016,2717,6,2710,2710,2710
10/19/2016,2724,N/A,2724,2724,2724
10/18/2016,2698,N/A,2698,2698,2698
10/17/2016,2690,1,2677,2677,2677
10/14/2016,2718,7,2711,2716,2711
10/13/2016,2696,3,2682,2682,2682
10/12/2016,2643,N/A,2643,2643,2643
10/11/2016,2665,1,2641,2641,2641
10/10/2016,2657,1,2704,2704,2704
10/07/2016,2785,N/A,2785,2785,2785
10/06/2016,2787,N/A,2787,2787,2787
10/05/2016,2836,1,2838,2838,2838
10/04/2016,2815,6,2800,2815,2800
10/03/2016,2793,2,2757,2759,2757
09/30/2016,2761,56,2658,2778,2577
09/29/2016,2728,201,2792,2792,2720
09/28/2016,2825,11,2816,2816,2812
09/27/2016,2868,6,2871,2872,2870
09/26/2016,2845,2,2850,2850,2837
09/23/2016,2852,7,2878,2878,2837
09/22/2016,2920,74,2893,2936,2893
09/21/2016,2877,2,2865,2865,2865
09/20/2016,2866,1,2850,2850,2850
09/19/2016,2872,12,2832,2880,2832
09/16/2016,2803,4,2832,2836,2805
09/15/2016,2832,10,2854,2875,2854
09/14/2016,2809,6,2813,2820,2813
09/13/2016,2782,7,2767,2799,2767
09/12/2016,2790,N/A,2790,2790,2790
09/09/2016,2762,77,2800,2800,2758
09/08/2016,2885,11,2885,2885,2882
09/07/2016,2909,9,2945,2952,2900
09/06/2016,2909,N/A,2909,2909,2909
09/02/2016,2923,2,2925,2925,2917
09/01/2016,2900,N/A,2900,2900,2900
08/31/2016,2897,2,2903,2904,2903
08/30/2016,2898,50,2915,2919,2915
08/29/2016,2890,58,2970,2970,2919
08/26/2016,2925,5,3046,3046,2990
08/25/2016,3015,1,3049,3049,3049
08/24/2016,3028,4,3056,3059,3029
08/23/2016,3017,6,2989,3000,2989
08/22/2016,3041,19,3085,3085,2995
08/19/2016,2984,3,3088,3100,3088
08/18/2016,3099,7,3078,3138,3078
08/17/2016,3113,4,3050,3078,3050
08/16/2016,3079,11,3043,3068,3043
08/15/2016,3059,33,2893,3044,2501
08/12/2016,3015,4,2993,2993,2991
08/11/2016,2981,N/A,2981,2981,2981
08/10/2016,2993,17,3019,3019,3019
08/09/2016,3020,29,3095,3150,2964
08/08/2016,2976,11,3019,3050,3019
08/05/2016,3031,37,3022,3060,2958
08/04/2016,3021,6,2965,2986,2965
08/03/2016,2991,10,2887,2985,2887
08/02/2016,2993,35,2945,2960,2885
08/01/2016,2896,41,2800,2947,2740
07/29/2016,2926,19,2854,2857,2852
07/28/2016,2835,5,2877,2877,2855
07/27/2016,2850,N/A,2850,2850,2850
07/26/2016,2857,12,2815,2879,2815
07/25/2016,2851,4,2912,2915,2912
07/22/2016,2854,20,2902,2929,2760
07/21/2016,2886,74,2913,2925,2907
07/20/2016,2902,6,2989,2989,2950
07/19/2016,2969,1,3001,3001,3001
07/18/2016,2998,6,3065,3070,3058
07/15/2016,3085,N/A,3085,3085,3085
07/14/2016,3065,1,3065,3065,3065
07/13/2016,3157,N/A,3157,3157,3157
07/12/2016,3114,N/A,3114,3114,3114
07/11/2016,3101,3,3100,3100,3097
07/08/2016,3097,N/A,3097,3097,3097
07/07/2016,3110,1,3110,3110,3110
07/06/2016,3080,N/A,3080,3080,3080
07/05/2016,3065,8,3013,3060,3013
07/01/2016,2995,5,2984,2984,2966
06/30/2016,2963,2,2985,2985,2977
06/29/2016,3034,2,3006,3028,3006
06/28/2016,3006,12,2895,3028,2815
06/27/2016,2986,5,2983,3003,2983
06/24/2016,3023,6,3060,3060,3012
06/23/2016,3184,7,3150,3189,3089
06/22/2016,3156,4,3237,3237,3155
06/21/2016,3146,1,3111,3111,3111
06/20/2016,3123,2,3115,3123,3115
06/17/2016,3066,6,3081,3081,3071
06/16/2016,3026,N/A,3026,3026,3026
06/15/2016,3160,17,3115,3157,2932
06/14/2016,3145,10,3160,3160,3133
06/13/2016,3147,11,3125,3153,3094
06/10/2016,3135,6,3095,3118,3095
06/09/2016,3116,2,3102,3116,3102
06/08/2016,3113,6,3105,3128,3105
06/07/2016,3088,24,3063,3099,3063
06/06/2016,3063,13,3070,3098,3063
06/03/2016,3031,1,3000,3000,3000
06/02/2016,3057,6,3061,3061,3060
06/01/2016,3046,3,2998,3043,2998
05/31/2016,3059,4,3039,3070,3039
05/27/2016,3005,5,2960,3003,2960
05/26/2016,2916,7,2898,2943,2898
05/25/2016,2924,19,2965,2974,2918
05/24/2016,2953,22,3004,3004,2936
05/23/2016,2959,64,2928,2972,2928
05/20/2016,2912,1,2922,2922,2922
05/19/2016,2893,4,2898,2898,2893
05/18/2016,2931,50,2899,2903,2899
05/17/2016,2899,N/A,2899,2899,2899
05/16/2016,2927,6,2975,2975,2905
05/13/2016,2967,3,2977,2977,2970
05/12/2016,3020,10,3006,3006,3003
05/11/2016,3070,N/A,3070,3070,3070
05/10/2016,3101,N/A,3101,3101,3101
05/09/2016,3079,4,3074,3074,3074
05/06/2016,3074,2,3140,3140,3080
05/05/2016,3158,N/A,3158,3158,3158
05/04/2016,3186,8,3140,3190,3140
05/03/2016,3205,N/A,3205,3205,3205
05/02/2016,3217,N/A,3217,3217,3217
04/29/2016,3233,3,3242,3242,3219
04/28/2016,3182,1,3179,3179,3179
04/27/2016,3190,30,3174,3190,3174
04/26/2016,3211,9,3160,3195,3150
04/25/2016,3167,1,3150,3150,3150
04/22/2016,3155,1,3151,3151,3151
04/21/2016,3107,5,3113,3121,3107
04/20/2016,3090,N/A,3090,3090,3090
04/19/2016,3079,10,3062,3062,3062
04/18/2016,3041,1,2977,2977,2977
04/15/2016,2987,2,3019,3019,2988
04/14/2016,2988,19,2972,2991,2972
04/13/2016,2954,1,2972,2972,2972
04/12/2016,2963,5,2932,2942,2932
04/11/2016,2932,15,2870,2944,2870
04/08/2016,2894,12,2900,2900,2852
04/07/2016,2850,2,2895,2895,2895
04/06/2016,2900,1,2905,2905,2905
04/05/2016,2882,4,2851,2853,2845
04/04/2016,2871,1,2878,2878,2878
04/01/2016,2881,12,2950,2950,2886
03/31/2016,2950,N/A,2950,2950,2950
03/30/2016,2974,3,3000,3000,2978
03/29/2016,2970,1,2984,2984,2984
03/28/2016,2970,1,2980,2980,2980
03/24/2016,2962,1,2963,2963,2963
03/23/2016,2963,5,3011,3011,2950
03/22/2016,3035,2,3050,3050,3035
03/21/2016,3072,3,3120,3120,3085
03/18/2016,3118,3,3141,3141,3126
03/17/2016,3116,1,3080,3080,3080
03/16/2016,3116,N/A,3116,3116,3116
03/15/2016,3053,N/A,3053,3053,3053
03/14/2016,3081,N/A,3081,3081,3081
03/11/2016,3062,23,3073,3073,3062
03/10/2016,3062,N/A,3062,3062,3062
03/09/2016,3022,1,3022,3022,3022
03/08/2016,2970,N/A,2970,2970,2970
03/07/2016,3010,1,3005,3005,3005
03/04/2016,3008,9,3001,3001,2982
03/03/2016,2952,N/A,2952,2952,2952
03/02/2016,2948,1,2900,2900,2900
03/01/2016,2933,N/A,2933,2933,2933
02/29/2016,2955,2,2950,2950,2950
02/26/2016,2888,17,2920,2958,2900
02/25/2016,2947,1,2959,2959,2959
02/24/2016,2929,5,2925,2929,2925
02/23/2016,2889,3,2902,2904,2892
02/22/2016,2879,6,2850,2855,2821
02/19/2016,2857,1,2884,2884,2884
02/18/2016,2918,N/A,2918,2918,2918
02/17/2016,2880,9,2829,2898,2829
02/16/2016,2827,N/A,2827,2827,2827
02/12/2016,2827,N/A,2827,2827,2827
02/11/2016,2766,13,2804,2804,2765
02/10/2016,2825,4,2850,2850,2804
02/09/2016,2837,15,2823,2823,2790
02/08/2016,2858,9,2867,2867,2798
02/05/2016,2772,37,2768,2820,2767
02/04/2016,2764,63,2865,2865,2665
02/03/2016,2837,20,2800,2821,2770
02/02/2016,2761,17,2848,2848,2763
02/01/2016,2868,11,2750,2866,2750
01/29/2016,2761,1,2781,2781,2781
01/28/2016,2791,N/A,2791,2791,2791
01/27/2016,2764,4,2753,2753,2752
01/26/2016,2829,4,2900,2910,2794
01/25/2016,2819,2,2894,2894,2866
01/22/2016,2872,2,2886,2886,2855
01/21/2016,2855,2,2773,2858,2773
01/20/2016,2810,27,2836,2908,2615
01/19/2016,2934,2,2933,2936,2933
01/15/2016,2905,3,2872,2910,2872
01/14/2016,2857,3,2872,2872,2847
01/13/2016,2892,N/A,2892,2892,2892
01/12/2016,2860,7,2875,2875,2862
01/11/2016,2902,13,2969,2969,2887
01/08/2016,3017,12,2990,3010,2988
01/07/2016,2963,20,2941,2972,2922
01/06/2016,2981,207,3038,3044,2980
01/05/2016,3059,20,3110,3129,3055
01/04/2016,3124,3,3190,3190,3151
12/31/2015,3211,10,3225,3229,3225
12/30/2015,3211,N/A,3211,3211,3211
12/29/2015,3211,1,3225,3225,3225
12/28/2015,3194,1,3215,3215,3215
12/25/2015,3210,N/A,3210,3210,3210
12/24/2015,3210,2,3253,3253,3230
12/23/2015,3260,3,3250,3250,3244
12/22/2015,3197,66,3206,3206,3179
12/21/2015,3239,N/A,3239,3239,3239
12/18/2015,3252,6,3225,3256,3225
12/17/2015,3253,8,3259,3263,3223
12/16/2015,3291,3,3287,3287,3287
12/15/2015,3338,N/A,3338,3338,3338
12/14/2015,3375,2,3379,3379,3379
12/11/2015,3353,N/A,3353,3353,3353
12/10/2015,3347,1,3371,3371,3371
12/09/2015,3371,1,3385,3385,3385
12/08/2015,3316,2,3320,3340,3320
12/07/2015,3417,10,3405,3410,3405
12/04/2015,3390,5,3390,3390,3390
12/03/2015,3386,N/A,3386,3386,3386
12/02/2015,3333,N/A,3333,3333,3333
12/01/2015,3337,4,3342,3348,3342
11/30/2015,3339,N/A,3339,3339,3339
11/27/2015,3310,N/A,3310,3310,3310
11/26/2015,3304,N/A,3304,3304,3304
11/25/2015,3304,6,3320,3320,3288
11/24/2015,3338,3,3332,3344,3332
11/23/2015,3306,32,3318,3330,3310
11/20/2015,3368,27,3400,3490,3366
11/19/2015,3377,7,3370,3390,3370
11/18/2015,3341,7,3380,3380,3340
11/17/2015,3371,22,3370,3390,3357
11/16/2015,3377,57,3360,3382,3356
11/13/2015,3363,60,3328,3365,2767
11/12/2015,3328,34,3292,3343,3292
11/11/2015,3307,13,3291,3307,3288
11/10/2015,3268,20,3265,3271,3265
11/09/2015,3209,4,3195,3195,3194
11/06/2015,3237,11,3261,3262,3204
11/05/2015,3263,6,3243,3254,3065
11/04/2015,3235,30,3264,3264,3230
11/03/2015,3297,18,3275,3296,3275
11/02/2015,3295,13,3264,3297,3264
10/30/2015,3259,6,3244,3255,3244
10/29/2015,3215,4,3194,3212,3194
10/28/2015,3219,8,3195,3219,3195
10/27/2015,3197,20,3166,3178,3165
10/26/2015,3174,5,3155,3180,3155
10/23/2015,3125,8,3109,3153,3109
10/22/2015,3140,23,3130,3177,3130
10/21/2015,3146,2,3174,3174,3150
10/20/2015,3202,3,3178,3184,3178
10/19/2015,3169,10,3123,3167,3123
10/16/2015,3119,11,3124,3124,3093
10/15/2015,3104,6,3118,3118,3082
10/14/2015,3109,21,3135,3678,3103
10/13/2015,3125,13,3020,3125,3020
10/12/2015,3074,9,3047,3077,3034
10/09/2015,3049,2,3071,3071,3071
10/08/2015,3060,3,3079,3079,3040
10/07/2015,3079,9,3098,3098,3055
10/06/2015,3092,10,3084,3091,3079
10/05/2015,3092,2,3088,3088,3083
10/02/2015,3095,5,3115,3115,3115
10/01/2015,3105,8,3100,3100,3096
09/30/2015,3114,9,3132,3170,3100
09/29/2015,3182,3,3219,3219,3196
09/28/2015,3242,14,3262,3262,3241
09/25/2015,3276,N/A,3276,3276,3276
09/24/2015,3293,6,3313,3313,3280
09/23/2015,3315,6,3312,3490,3312
09/22/2015,3312,9,3312,3312,3285
09/21/2015,3311,1,3315,3315,3315
09/18/2015,3311,13,3325,3325,3313
09/17/2015,3282,N/A,3282,3282,3282
09/16/2015,3267,2,3273,3273,3273
09/15/2015,3238,6,3286,3286,3224
09/14/2015,3286,4,3186,3270,3186
09/11/2015,3254,N/A,3254,3254,3254
09/10/2015,3276,N/A,3276,3276,3276
09/09/2015,3270,8,3242,3275,3242
09/08/2015,3220,6,3225,3225,3216
09/07/2015,3168,N/A,3168,3168,3168
09/04/2015,3168,7,3150,3150,3150
09/03/2015,3114,N/A,3114,3114,3114
09/02/2015,3117,1,3138,3138,3138
09/01/2015,3141,1,3128,3128,3128
08/31/2015,3099,N/A,3099,3099,3099
08/28/2015,3112,N/A,3112,3112,3112
08/27/2015,3109,3,3100,3116,3100
08/26/2015,3098,2,3087,3093,3087
08/25/2015,3108,1,3106,3106,3106
08/24/2015,3088,22,3034,3111,3002
08/21/2015,3074,4,3077,3080,3072
08/20/2015,3135,1,3109,3109,3109
08/19/2015,3116,3,3115,3115,3105
08/18/2015,3032,N/A,3032,3032,3032
08/17/2015,3032,N/A,3032,3032,3032
08/14/2015,3039,N/A,3039,3039,3039
08/13/2015,3042,4,3020,3038,3020
08/12/2015,3035,5,3073,3073,2990
08/11/2015,3082,7,3201,3201,3065
08/10/2015,3095,2,3190,3190,3094
08/07/2015,3107,12,3028,3115,3028
08/06/2015,3057,N/A,3057,3057,3057
08/05/2015,3120,33,3160,3210,3103
08/04/2015,3165,26,3107,3189,3107
08/03/2015,3166,42,3180,3180,3154
07/31/2015,3209,4,3207,3207,3206
07/30/2015,3221,1,3226,3226,3226
07/29/2015,3217,5,3209,3220,3209
07/28/2015,3204,7,3205,3209,3204
07/27/2015,3193,5,3181,3181,3172
07/24/2015,3181,32,3205,3205,3182
07/23/2015,3241,22,3258,3258,3249
07/22/2015,3277,14,3309,3312,3256
07/21/2015,3336,16,3293,3364,3205
07/20/2015,3346,1,3346,3346,3346
07/17/2015,3346,3,3400,3400,3338
07/16/2015,3352,1,3348,3348,3348
07/15/2015,3353,1,3370,3370,3370
07/14/2015,3370,5,3330,3345,3330
07/13/2015,3305,2,3301,3306,3301
07/10/2015,3303,6,3305,3310,3305
07/09/2015,3278,N/A,3278,3278,3278
07/08/2015,3247,17,3235,3250,3232
07/07/2015,3250,4,3251,3251,3251
07/06/2015,3278,N/A,3278,3278,3278
07/03/2015,3288,N/A,3288,3288,3288
07/02/2015,3288,5,3270,3270,3270
07/01/2015,3276,N/A,3276,3276,3276
06/30/2015,3269,8,3323,3323,3259
06/29/2015,3331,N/A,3331,3331,3331
06/26/2015,3322,2,3261,3283,3261
06/25/2015,3268,10,3301,3309,3301
06/24/2015,3282,N/A,3282,3282,3282
06/23/2015,3251,7,3358,3378,3260
06/22/2015,3281,1,3260,3260,3260
06/19/2015,3260,9,3260,3265,3260
06/18/2015,3290,1,3268,3268,3268
06/17/2015,3222,1,3219,3219,3219
06/16/2015,3235,7,3227,3248,3227
06/15/2015,3198,27,3153,3218,3153
06/12/2015,3145,11,3023,3023,2901
06/11/2015,3104,10,3114,3114,3100
06/10/2015,3135,12,3153,3176,3133
06/09/2015,3110,1,3114,3114,3114
06/08/2015,3116,23,3082,3122,3082
06/05/2015,3113,N/A,3113,3113,3113
06/04/2015,3116,1,3107,3107,3107
06/03/2015,3124,2,3115,3115,3110
06/02/2015,3112,9,3076,3140,3076
06/01/2015,3053,7,3083,3085,3054
05/29/2015,3085,2,3120,3120,3110
05/28/2015,3118,29,3100,3100,3078
05/27/2015,3134,2,3123,3137,3123
05/26/2015,3150,N/A,3150,3150,3150
05/25/2015,3153,N/A,3153,3153,3153
05/22/2015,3153,N/A,3153,3153,3153
05/21/2015,3163,N/A,3163,3163,3163
05/20/2015,3125,N/A,3125,3125,3125
05/19/2015,3145,N/A,3145,3145,3145
05/18/2015,3140,1,3120,3120,3120
05/15/2015,3133,1,3125,3125,3125
05/14/2015,3088,N/A,3088,3088,3088
05/13/2015,3056,N/A,3056,3056,3056
05/12/2015,3037,1,3006,3006,3006
05/11/2015,3006,N/A,3006,3006,3006
05/08/2015,2945,N/A,2945,2945,2945
05/07/2015,2929,N/A,2929,2929,2929
05/06/2015,2919,N/A,2919,2919,2919
05/05/2015,2943,N/A,2943,2943,2943
05/04/2015,2875,N/A,2875,2875,2875
05/01/2015,2877,1,2921,2921,2921
04/30/2015,2943,3,2941,2960,2941
04/29/2015,2941,N/A,2941,2941,2941
04/28/2015,2924,8,2957,2966,2911
04/27/2015,2922,N/A,2922,2922,2922
04/24/2015,2885,N/A,2885,2885,2885
04/23/2015,2802,N/A,2802,2802,2802
04/22/2015,2782,3,2776,2777,2776
04/21/2015,2775,N/A,2775,2775,2775
04/20/2015,2767,N/A,2767,2767,2767
04/17/2015,2808,N/A,2808,2808,2808
04/16/2015,2870,N/A,2870,2870,2870
04/15/2015,2817,3,2808,2808,2808
04/14/2015,2848,4,2842,2855,2842
04/13/2015,2799,N/A,2799,2799,2799
04/10/2015,2781,2,2806,2806,2801
04/09/2015,2792,N/A,2792,2792,2792
04/08/2015,2807,3,2826,2826,2810
04/07/2015,2785,N/A,2785,2785,2785
04/06/2015,2800,N/A,2800,2800,2800
04/03/2015,2768,N/A,2768,2768,2768
04/02/2015,2768,N/A,2768,2768,2768
04/01/2015,2748,3,2748,2748,2748
03/31/2015,2699,N/A,2699,2699,2699
03/30/2015,2695,13,2690,2690,2689
03/27/2015,2744,1,2740,2740,2740
03/26/2015,2760,N/A,2760,2760,2760
03/25/2015,2786,2,2782,2782,2773
03/24/2015,2783,6,2726,2783,2726
03/23/2015,2757,18,2778,2779,2778
03/20/2015,2790,10,2700,2700,2700
03/19/2015,2715,N/A,2715,2715,2715
03/18/2015,2758,N/A,2758,2758,2758
03/17/2015,2788,1,2759,2759,2759
03/16/2015,2791,N/A,2791,2791,2791
03/13/2015,2818,N/A,2818,2818,2818
03/12/2015,2838,N/A,2838,2838,2838
03/11/2015,2855,12,2867,2867,2844
03/10/2015,2913,N/A,2913,2913,2913
03/09/2015,2934,N/A,2934,2934,2934
03/06/2015,2945,N/A,2945,2945,2945
03/05/2015,2996,N/A,2996,2996,2996
03/04/2015,3007,N/A,3007,3007,3007
03/03/2015,3022,11,3013,3026,3012
03/02/2015,3006,1,3006,3006,3006
02/27/2015,3016,1,3014,3014,3014
02/26/2015,2981,1,2949,2949,2949
02/25/2015,2959,3,2957,2967,2957
02/24/2015,3017,N/A,3017,3017,3017
02/23/2015,3001,N/A,3001,3001,3001
02/20/2015,2979,N/A,2979,2979,2979
02/19/2015,2975,N/A,2975,2975,2975
02/18/2015,2973,N/A,2973,2973,2973
02/17/2015,2942,1,2939,2939,2939
02/16/2015,2875,N/A,2875,2875,2875
02/13/2015,2875,N/A,2875,2875,2875
02/12/2015,2955,N/A,2955,2955,2955
02/11/2015,2879,4,2863,2875,2863
02/10/2015,2863,13,2858,2861,2831
02/09/2015,2867,N/A,2867,2867,2867
02/06/2015,2775,4,2767,2767,2764
02/05/2015,2743,20,2740,2740,2723
02/04/2015,2724,N/A,2724,2724,2724
02/03/2015,2691,N/A,2691,2691,2691
02/02/2015,2672,N/A,2672,2672,2672
01/30/2015,2693,N/A,2693,2693,2693
01/29/2015,2686,N/A,2686,2686,2686
01/28/2015,2715,N/A,2715,2715,2715
01/27/2015,2743,2,2730,2730,2730
01/26/2015,2737,N/A,2737,2737,2737
01/23/2015,2755,N/A,2755,2755,2755
01/22/2015,2801,12,2839,2839,2800
01/21/2015,2852,7,2907,2907,2848
01/20/2015,2925,6,2928,2928,2926
01/19/2015,2942,N/A,2942,2942,2942
01/16/2015,2942,N/A,2942,2942,2942
01/15/2015,2977,2,2995,2999,2995
01/14/2015,2992,N/A,2992,2992,2992
01/13/2015,2991,N/A,2991,2991,2991
01/12/2015,2994,N/A,2994,2994,2994
01/09/2015,2968,8,2985,3005,2985
01/08/2015,2986,N/A,2986,2986,2986
01/07/2015,2902,N/A,2902,2902,2902
01/06/2015,2902,2,2887,2887,2887
01/05/2015,2944,N/A,2944,2944,2944
01/02/2015,2927,2,2910,2910,2878
01/01/2015,2910,N/A,2910,2910,2910
12/31/2014,2910,N/A,2910,2910,2910
12/30/2014,2972,N/A,2972,2972,2972
12/29/2014,2964,6,2994,3014,2994
12/26/2014,2941,11,2960,2960,2888
12/25/2014,2964,N/A,2964,2964,2964
12/24/2014,2964,1,2982,2982,2982
12/23/2014,2966,N/A,2966,2966,2966
12/22/2014,2986,N/A,2986,2986,2986
12/19/2014,2980,2,2986,2986,2986
12/18/2014,2965,N/A,2965,2965,2965
12/17/2014,2915,N/A,2915,2915,2915
12/16/2014,2873,N/A,2873,2873,2873
12/15/2014,2873,3,2852,2852,2852
12/12/2014,2857,N/A,2857,2857,2857
12/11/2014,2854,2,2882,2882,2861
12/10/2014,2933,N/A,2933,2933,2933
12/09/2014,2952,N/A,2952,2952,2952
12/08/2014,2903,N/A,2903,2903,2903
12/05/2014,2890,N/A,2890,2890,2890
12/04/2014,2865,2,2876,2876,2851
12/03/2014,2852,N/A,2852,2852,2852
12/02/2014,2859,N/A,2859,2859,2859
12/01/2014,2896,N/A,2896,2896,2896
11/28/2014,2843,N/A,2843,2843,2843
11/27/2014,2871,N/A,2871,2871,2871
11/26/2014,2871,N/A,2871,2871,2871
11/25/2014,2824,2,2824,2824,2824
11/24/2014,2866,N/A,2866,2866,2866
11/21/2014,2822,N/A,2822,2822,2822
11/20/2014,2829,2,2820,2820,2820
11/19/2014,2835,N/A,2835,2835,2835
11/18/2014,2809,N/A,2809,2809,2809
11/17/2014,2828,N/A,2828,2828,2828
11/14/2014,2797,N/A,2797,2797,2797
11/13/2014,2798,N/A,2798,2798,2798
11/12/2014,2851,2,2873,2873,2873
11/11/2014,2920,N/A,2920,2920,2920
11/10/2014,2895,N/A,2895,2895,2895
11/07/2014,2889,9,2905,2920,2902
11/06/2014,2869,1,2877,2877,2877
11/05/2014,2871,1,2875,2875,2875
11/04/2014,2881,1,2876,2876,2876
11/03/2014,2861,2,2882,2882,2882
10/31/2014,2899,3,2910,2915,2910
10/30/2014,2946,5,2943,2943,2943
10/29/2014,2937,1,2917,2917,2917
10/28/2014,2923,2,2917,2917,2917
10/27/2014,2970,4,3011,3011,2970
10/24/2014,3050,N/A,3050,3050,3050
10/23/2014,3120,N/A,3120,3120,3120
10/22/2014,3113,5,3112,3112,3112
10/21/2014,3110,N/A,3110,3110,3110
10/20/2014,3120,1,3071,3071,3071
10/17/2014,3118,N/A,3118,3118,3118
10/16/2014,3086,2,3141,3141,3096
10/15/2014,3153,N/A,3153,3153,3153
10/14/2014,3102,2,3067,3100,3067
10/13/2014,3059,N/A,3059,3059,3059
10/10/2014,3157,2,3130,3130,3130
10/09/2014,3057,N/A,3057,3057,3057
10/08/2014,3038,N/A,3038,3038,3038
10/07/2014,3051,N/A,3051,3051,3051
10/06/2014,3079,N/A,3079,3079,3079
10/03/2014,3056,N/A,3056,3056,3056
10/02/2014,3090,N/A,3090,3090,3090
10/01/2014,3172,N/A,3172,3172,3172
09/30/2014,3300,1,3295,3295,3295
09/29/2014,3311,2,3333,3333,3333
09/26/2014,3311,1,3300,3300,3300
09/25/2014,3333,5,3370,3373,3326
09/24/2014,3371,N/A,3371,3371,3371
09/23/2014,3297,N/A,3297,3297,3297
09/22/2014,3328,N/A,3328,3328,3328
09/19/2014,3259,5,3200,3268,3200
09/18/2014,3192,N/A,3192,3192,3192
09/17/2014,3153,1,3159,3159,3159
09/16/2014,3070,N/A,3070,3070,3070
09/15/2014,3057,2,3050,3050,3039
09/12/2014,3053,N/A,3053,3053,3053
09/11/2014,3028,N/A,3028,3028,3028
09/10/2014,3063,N/A,3063,3063,3063
09/09/2014,3079,N/A,3079,3079,3079
09/08/2014,3071,N/A,3071,3071,3071
09/05/2014,3102,N/A,3102,3102,3102
09/04/2014,3132,N/A,3132,3132,3132
09/03/2014,3146,1,3175,3175,3175
09/02/2014,3165,N/A,3165,3165,3165
09/01/2014,3229,N/A,3229,3229,3229
08/29/2014,3229,N/A,3229,3229,3229
08/28/2014,3228,1,3186,3186,3186
08/27/2014,3211,N/A,3211,3211,3211
08/26/2014,3216,N/A,3216,3216,3216
08/25/2014,3219,N/A,3219,3219,3219
08/22/2014,3194,N/A,3194,3194,3194
08/21/2014,3200,N/A,3200,3200,3200
08/20/2014,3226,N/A,3226,3226,3226
08/19/2014,3204,N/A,3204,3204,3204
08/18/2014,3227,N/A,3227,3227,3227
08/15/2014,3227,N/A,3227,3227,3227
08/14/2014,3215,N/A,3215,3215,3215
08/13/2014,3219,N/A,3219,3219,3219
08/12/2014,3222,N/A,3222,3222,3222
08/11/2014,3222,N/A,3222,3222,3222
08/08/2014,3228,N/A,3228,3228,3228
08/07/2014,3232,1,3216,3216,3216
08/06/2014,3219,N/A,3219,3219,3219
08/05/2014,3195,N/A,3195,3195,3195
08/04/2014,3195,N/A,3195,3195,3195
08/01/2014,3207,N/A,3207,3207,3207
07/31/2014,3219,N/A,3219,3219,3219
07/30/2014,3205,1,3209,3209,3209
07/29/2014,3177,1,3177,3177,3177
07/28/2014,3165,N/A,3165,3165,3165
07/25/2014,3194,N/A,3194,3194,3194
07/24/2014,3198,100,3211,3219,3211
07/23/2014,3185,N/A,3185,3185,3185
07/22/2014,3131,N/A,3131,3131,3131
07/21/2014,3128,2,3120,3120,3117
07/18/2014,3082,N/A,3082,3082,3082
07/17/2014,3064,N/A,3064,3064,3064
07/16/2014,3062,N/A,3062,3062,3062
07/15/2014,3106,N/A,3106,3106,3106
07/14/2014,3083,N/A,3083,3083,3083
07/11/2014,3090,N/A,3090,3090,3090
07/10/2014,3081,N/A,3081,3081,3081
07/09/2014,3087,1,3087,3087,3087
07/08/2014,3116,5,3111,3131,3111
07/07/2014,3099,5,3081,3081,3080
07/04/2014,3106,N/A,3106,3106,3106
07/03/2014,3106,N/A,3106,3106,3106
07/02/2014,3117,N/A,3117,3117,3117
07/01/2014,3119,N/A,3119,3119,3119
06/30/2014,3127,N/A,3127,3127,3127
06/27/2014,3135,N/A,3135,3135,3135
06/26/2014,3053,N/A,3053,3053,3053
06/25/2014,3068,N/A,3068,3068,3068
06/24/2014,3043,N/A,3043,3043,3043
06/23/2014,3080,N/A,3080,3080,3080
06/20/2014,3108,N/A,3108,3108,3108
06/19/2014,3116,N/A,3116,3116,3116
06/18/2014,3118,N/A,3118,3118,3118
06/17/2014,3126,N/A,3126,3126,3126
06/16/2014,3126,N/A,3126,3126,3126
06/13/2014,3122,N/A,3122,3122,3122
06/12/2014,3085,3,3140,3140,3122
06/11/2014,3120,1,3120,3120,3120
06/10/2014,3087,N/A,3087,3087,3087
06/09/2014,3077,N/A,3077,3077,3077
06/06/2014,3079,N/A,3079,3079,3079
06/05/2014,3092,8,3085,3088,3085
06/04/2014,3088,N/A,3088,3088,3088
06/03/2014,3070,N/A,3070,3070,3070
06/02/2014,3069,N/A,3069,3069,3069
05/30/2014,3071,8,3046,3067,3046
05/29/2014,3046,1,3033,3033,3033
05/28/2014,3029,N/A,3029,3029,3029
05/27/2014,3031,N/A,3031,3031,3031
05/26/2014,3022,N/A,3022,3022,3022
05/23/2014,3022,N/A,3022,3022,3022
05/22/2014,3001,N/A,3001,3001,3001
05/21/2014,2981,N/A,2981,2981,2981
05/20/2014,2968,N/A,2968,2968,2968
05/19/2014,2930,N/A,2930,2930,2930
05/16/2014,2917,N/A,2917,2917,2917
05/15/2014,2907,N/A,2907,2907,2907
05/14/2014,2891,N/A,2891,2891,2891
05/13/2014,2901,N/A,2901,2901,2901
05/12/2014,2865,N/A,2865,2865,2865
05/09/2014,2864,N/A,2864,2864,2864
05/08/2014,2894,2,2807,2886,2807
05/07/2014,2899,N/A,2899,2899,2899
05/06/2014,2920,N/A,2920,2920,2920
05/05/2014,2927,N/A,2927,2927,2927
05/02/2014,2917,N/A,2917,2917,2917
05/01/2014,2922,N/A,2922,2922,2922
04/30/2014,2980,2,3040,3040,2953
04/29/2014,2951,N/A,2951,2951,2951
04/28/2014,2946,N/A,2946,2946,2946
04/25/2014,2953,N/A,2953,2953,2953
04/24/2014,2979,1,2967,2967,2967
04/23/2014,3008,5,2950,3012,2950
04/22/2014,3006,N/A,3006,3006,3006
04/21/2014,3004,3,2970,3015,2970
04/18/2014,3020,N/A,3020,3020,3020
04/17/2014,3020,2,3043,3043,3012
04/16/2014,2979,N/A,2979,2979,2979
04/15/2014,2951,1,2979,2979,2979
04/14/2014,2979,8,2948,2948,2948
04/11/2014,2987,N/A,2987,2987,2987
04/10/2014,2970,N/A,2970,2970,2970
04/09/2014,3011,1,3013,3013,3013
04/08/2014,2992,N/A,2992,2992,2992
04/07/2014,2959,N/A,2959,2959,2959
04/04/2014,2966,N/A,2966,2966,2966
04/03/2014,2917,N/A,2917,2917,2917
04/02/2014,2917,N/A,2917,2917,2917
04/01/2014,2943,2,2940,2950,2940
03/31/2014,2955,N/A,2955,2955,2955
03/28/2014,2983,N/A,2983,2983,2983
03/27/2014,2955,N/A,2955,2955,2955
03/26/2014,2963,N/A,2963,2963,2963
03/25/2014,2949,N/A,2949,2949,2949
03/24/2014,2940,N/A,2940,2940,2940
03/21/2014,2957,1,2989,2989,2989
03/20/2014,2974,1,2990,2990,2990
03/19/2014,3025,N/A,3025,3025,3025
03/18/2014,3014,N/A,3014,3014,3014
03/17/2014,3030,N/A,3030,3030,3030
03/14/2014,2992,N/A,2992,2992,2992
03/13/2014,3006,N/A,3006,3006,3006
03/12/2014,2946,N/A,2946,2946,2946
03/11/2014,3006,1,3021,3021,3021
03/10/2014,2984,1,2983,2983,2983
03/07/2014,2981,1,2965,2965,2965
03/06/2014,2961,N/A,2961,2961,2961
03/05/2014,2970,N/A,2970,2970,2970
03/04/2014,2956,N/A,2956,2956,2956
03/03/2014,2918,N/A,2918,2918,2918
02/28/2014,2957,N/A,2957,2957,2957
02/27/2014,2955,N/A,2955,2955,2955
02/26/2014,2932,1,2892,2892,2892
02/25/2014,2921,1,2953,2953,2953
02/24/2014,2958,N/A,2958,2958,2958
02/21/2014,2950,N/A,2950,2950,2950
02/20/2014,2976,N/A,2976,2976,2976
02/19/2014,2934,N/A,2934,2934,2934
02/18/2014,2959,N/A,2959,2959,2959
02/17/2014,2929,N/A,2929,2929,2929
02/14/2014,2929,N/A,2929,2929,2929
02/13/2014,2929,N/A,2929,2929,2929
02/12/2014,2941,N/A,2941,2941,2941
02/11/2014,2915,N/A,2915,2915,2915
02/10/2014,2910,N/A,2910,2910,2910
02/07/2014,2922,N/A,2922,2922,2922
02/06/2014,2886,N/A,2886,2886,2886
02/05/2014,2884,N/A,2884,2884,2884
02/04/2014,2877,1,2917,2917,2917
02/03/2014,2914,N/A,2914,2914,2914
01/31/2014,2911,N/A,2911,2911,2911
01/30/2014,2912,N/A,2912,2912,2912
01/29/2014,2918,N/A,2918,2918,2918
01/28/2014,2905,N/A,2905,2905,2905
01/27/2014,2889,2,2792,2867,2792
01/24/2014,2792,1,2795,2795,2795
01/23/2014,2791,N/A,2791,2791,2791
01/22/2014,2697,N/A,2697,2697,2697
01/21/2014,2679,N/A,2679,2679,2679
01/20/2014,2700,N/A,2700,2700,2700
01/17/2014,2700,N/A,2700,2700,2700
01/16/2014,2753,N/A,2753,2753,2753
01/15/2014,2748,N/A,2748,2748,2748
01/14/2014,2752,1,2765,2765,2765
01/13/2014,2712,N/A,2712,2712,2712
01/10/2014,2712,N/A,2712,2712,2712
01/09/2014,2684,N/A,2684,2684,2684
01/08/2014,2700,N/A,2700,2700,2700
01/07/2014,2675,N/A,2675,2675,2675
01/06/2014,2667,1,2683,2683,2683
01/03/2014,2699,N/A,2699,2699,2699
01/02/2014,2636,2,2660,2660,2620
01/01/2014,2709,N/A,2709,2709,2709
12/31/2013,2709,1,2677,2677,2677
12/30/2013,2712,1,2756,2756,2756
12/27/2013,2785,2,2828,2828,2723
12/26/2013,2783,N/A,2783,2783,2783
12/25/2013,2820,N/A,2820,2820,2820
12/24/2013,2820,N/A,2820,2820,2820
12/23/2013,2808,N/A,2808,2808,2808
12/20/2013,2819,N/A,2819,2819,2819
12/19/2013,2791,6,2818,2838,2818
12/18/2013,2770,N/A,2770,2770,2770
12/17/2013,2771,4,2832,2832,2832
12/16/2013,2792,9,2726,2726,2726
12/13/2013,2774,N/A,2774,2774,2774
12/12/2013,2787,4,2822,2842,2822
12/11/2013,2755,N/A,2755,2755,2755
12/10/2013,2773,4,2733,2733,2733
12/09/2013,2751,N/A,2751,2751,2751
12/06/2013,2803,N/A,2803,2803,2803
12/05/2013,2754,N/A,2754,2754,2754
12/04/2013,2769,N/A,2769,2769,2769
12/03/2013,2808,N/A,2808,2808,2808
12/02/2013,2813,1,2827,2827,2827
11/29/2013,2788,N/A,2788,2788,2788
11/28/2013,2766,N/A,2766,2766,2766
11/27/2013,2766,N/A,2766,2766,2766
11/26/2013,2769,N/A,2769,2769,2769
11/25/2013,2803,2,2796,2796,2792
11/22/2013,2799,3,2786,2810,2786
11/21/2013,2794,N/A,2794,2794,2794
11/20/2013,2810,N/A,2810,2810,2810
11/19/2013,2795,N/A,2795,2795,2795
11/18/2013,2780,12,2742,2812,2742
11/15/2013,2661,N/A,2661,2661,2661
11/14/2013,2661,N/A,2661,2661,2661
11/13/2013,2647,N/A,2647,2647,2647
11/12/2013,2607,N/A,2607,2607,2607
11/11/2013,2586,N/A,2586,2586,2586
11/08/2013,2647,N/A,2647,2647,2647
11/07/2013,2676,N/A,2676,2676,2676
11/06/2013,2730,1,2736,2736,2736
11/05/2013,2736,N/A,2736,2736,2736
11/04/2013,2654,N/A,2654,2654,2654
11/01/2013,2651,N/A,2651,2651,2651
10/31/2013,2677,N/A,2677,2677,2677
10/30/2013,2660,N/A,2660,2660,2660
10/29/2013,2659,1,2657,2657,2636
10/28/2013,2684,2,2682,2682,2682
10/25/2013,2713,N/A,2713,2713,2713
10/24/2013,2686,N/A,2686,2686,2686
10/23/2013,2714,N/A,2714,2714,2714
10/22/2013,2769,1,2769,2769,2769
10/21/2013,2730,N/A,2730,2730,2730
10/18/2013,2721,1,2750,2750,2750
10/17/2013,2767,N/A,2767,2767,2767
10/16/2013,2747,N/A,2747,2747,2747
10/15/2013,2760,N/A,2760,2760,2760
10/14/2013,2713,N/A,2713,2713,2713
10/11/2013,2746,N/A,2746,2746,2746
10/10/2013,2729,N/A,2729,2729,2729
10/09/2013,2703,N/A,2703,2703,2703
10/08/2013,2718,N/A,2718,2718,2718
10/07/2013,2699,1,2645,2645,2645
10/04/2013,2611,N/A,2611,2611,2611
10/03/2013,2585,N/A,2585,2585,2585
10/02/2013,2632,2,2630,2630,2630
10/01/2013,2634,N/A,2634,2634,2634
09/30/2013,2640,N/A,2640,2640,2640
09/27/2013,2639,N/A,2639,2639,2639
09/26/2013,2597,N/A,2597,2597,2597
09/25/2013,2573,N/A,2573,2573,2573
09/24/2013,2603,N/A,2603,2603,2603
09/23/2013,2610,2,2622,2623,2622
09/20/2013,2608,N/A,2608,2608,2608
09/19/2013,2630,N/A,2630,2630,2630
09/18/2013,2623,1,2622,2622,2622
09/17/2013,2614,N/A,2614,2614,2614
09/16/2013,2636,N/A,2636,2636,2636
09/13/2013,2601,N/A,2601,2601,2601
09/12/2013,2591,N/A,2591,2591,2591
09/11/2013,2571,N/A,2571,2571,2571
09/10/2013,2570,N/A,2570,2570,2570
09/09/2013,2554,N/A,2554,2554,2554
09/06/2013,2564,N/A,2564,2564,2564
09/05/2013,2567,N/A,2567,2567,2567
09/04/2013,2496,N/A,2496,2496,2496
09/03/2013,2418,N/A,2418,2418,2418
09/02/2013,2436,N/A,2436,2436,2436
08/30/2013,2436,N/A,2436,2436,2436
08/29/2013,2479,N/A,2479,2479,2479
08/28/2013,2498,N/A,2498,2498,2498
08/27/2013,2453,2,2500,2500,2430
08/26/2013,2481,N/A,2481,2481,2481
08/23/2013,2465,N/A,2465,2465,2465
08/22/2013,2454,N/A,2454,2454,2454
08/21/2013,2450,N/A,2450,2450,2450
08/20/2013,2520,N/A,2520,2520,2520
08/19/2013,2445,N/A,2445,2445,2445
08/16/2013,2445,N/A,2445,2445,2445
08/15/2013,2436,N/A,2436,2436,2436
08/14/2013,2456,N/A,2456,2456,2456
08/13/2013,2428,N/A,2428,2428,2428
08/12/2013,2473,N/A,2473,2473,2473
08/09/2013,2463,N/A,2463,2463,2463
08/08/2013,2466,N/A,2466,2466,2466
08/07/2013,2442,N/A,2442,2442,2442
08/06/2013,2374,N/A,2374,2374,2374
08/05/2013,2364,N/A,2364,2364,2364
08/02/2013,2291,N/A,2291,2291,2291
08/01/2013,2301,N/A,2301,2301,2301
07/31/2013,2298,1,2324,2324,2324
07/30/2013,2287,1,2255,2255,2255
07/29/2013,2280,N/A,2280,2280,2280
07/26/2013,2333,N/A,2333,2333,2333
07/25/2013,2347,N/A,2347,2347,2347
07/24/2013,2360,N/A,2360,2360,2360
07/23/2013,2359,N/A,2359,2359,2359
07/22/2013,2348,N/A,2348,2348,2348
07/19/2013,2364,N/A,2364,2364,2364
07/18/2013,2347,N/A,2347,2347,2347
07/17/2013,2300,N/A,2300,2300,2300
07/16/2013,2289,1,2291,2291,2291
07/15/2013,2221,N/A,2221,2221,2221
07/12/2013,2236,N/A,2236,2236,2236
07/11/2013,2239,1,2214,2214,2214
07/10/2013,2178,N/A,2178,2178,2178
07/09/2013,2186,N/A,2186,2186,2186
07/08/2013,2174,1,2206,2206,2206
07/05/2013,2204,1,2202,2202,2202
07/04/2013,2230,N/A,2230,2230,2230
07/03/2013,2230,N/A,2230,2230,2230
07/02/2013,2178,N/A,2178,2178,2178
07/01/2013,2159,N/A,2159,2159,2159
06/28/2013,2164,N/A,2164,2164,2164
06/27/2013,2148,N/A,2148,2148,2148
06/26/2013,2165,N/A,2165,2165,2165
06/25/2013,2163,N/A,2163,2163,2163
06/24/2013,2149,1,2110,2110,2110
06/21/2013,2151,N/A,2151,2151,2151
06/20/2013,2157,N/A,2157,2157,2157
06/19/2013,2216,2,2214,2214,2210
06/18/2013,2210,N/A,2210,2210,2210
06/17/2013,2246,N/A,2246,2246,2246
06/14/2013,2246,N/A,2246,2246,2246
06/13/2013,2308,3,2310,2310,2310
06/12/2013,2372,N/A,2372,2372,2372
06/11/2013,2355,1,2372,2372,2372
06/10/2013,2360,N/A,2360,2360,2360
06/07/2013,2364,4,2348,2395,2348
06/06/2013,2363,2,2311,2319,2311
06/05/2013,2308,2,2305,2305,2305
06/04/2013,2283,N/A,2283,2283,2283
06/03/2013,2246,2,2203,2203,2203
05/31/2013,2191,N/A,2191,2191,2191
05/30/2013,2211,N/A,2211,2211,2211
05/29/2013,2210,N/A,2210,2210,2210
05/28/2013,2205,N/A,2205,2205,2205
05/27/2013,2246,N/A,2246,2246,2246
05/24/2013,2246,1,2253,2253,2253
05/23/2013,2283,N/A,2283,2283,2283
05/22/2013,2317,N/A,2317,2317,2317
05/21/2013,2345,1,2333,2333,2333
05/20/2013,2301,N/A,2301,2301,2301
05/17/2013,2300,N/A,2300,2300,2300
05/16/2013,2294,1,2296,2296,2296
05/15/2013,2344,N/A,2344,2344,2344
05/14/2013,2353,N/A,2353,2353,2353
05/13/2013,2326,N/A,2326,2326,2326
05/10/2013,2300,N/A,2366,2366,2366
05/09/2013,2349,N/A,2349,2349,2349
05/08/2013,2391,N/A,2391,2391,2391
05/07/2013,2396,N/A,2396,2396,2396
05/06/2013,2402,N/A,2402,2402,2402
05/03/2013,2416,N/A,2416,2416,2416
05/02/2013,2414,N/A,2414,2414,2414
05/01/2013,2415,1,2345,2345,2345
04/30/2013,2368,1,2345,2345,2345
04/29/2013,2335,N/A,2335,2335,2335
04/26/2013,2364,N/A,2364,2364,2364
04/25/2013,2360,1,2359,2359,2359
04/24/2013,2326,1,2314,2314,2314
04/23/2013,2327,1,2353,2353,2353
04/22/2013,2310,N/A,2310,2310,2310
04/19/2013,2333,2,2320,2342,2320
04/18/2013,2319,N/A,2319,2319,2319
04/17/2013,2294,N/A,2294,2294,2294
04/16/2013,2294,N/A,2294,2294,2294
04/15/2013,2243,N/A,2243,2243,2243
04/12/2013,2261,N/A,2261,2261,2261
04/11/2013,2234,N/A,2234,2234,2234
04/10/2013,2214,N/A,2214,2214,2214
04/09/2013,2219,1,2220,2220,2220
04/08/2013,2185,5,2134,2147,2134
04/05/2013,2132,2,2141,2141,2141
04/04/2013,2141,N/A,2141,2141,2141
04/03/2013,2150,N/A,2150,2150,2150
04/02/2013,2171,N/A,2171,2171,2171
04/01/2013,2184,N/A,2184,2184,2184
03/29/2013,2170,N/A,2170,2170,2170
03/28/2013,2170,N/A,2170,2170,2170
03/27/2013,2150,2,2148,2148,2148
03/26/2013,2146,N/A,2146,2146,2146
03/25/2013,2130,3,2180,2180,2160
03/22/2013,2159,3,2132,2132,2112
03/21/2013,2166,N/A,2166,2166,2166
03/20/2013,2152,N/A,2152,2152,2152
03/19/2013,2099,N/A,2099,2099,2099
03/18/2013,2088,N/A,2088,2088,2088
03/15/2013,2115,N/A,2115,2115,2115
03/14/2013,2130,N/A,2130,2130,2130
03/13/2013,2147,5,2158,2158,2154
03/12/2013,2158,3,2187,2187,2187
03/11/2013,2130,N/A,2130,2130,2130
03/08/2013,2120,4,2073,2073,2073
03/07/2013,2062,N/A,2062,2062,2062
03/06/2013,2042,N/A,2042,2042,2042
03/05/2013,2059,N/A,2059,2059,2059
03/04/2013,2056,N/A,2056,2056,2056
03/01/2013,2082,10,2080,2080,2080
02/28/2013,2135,N/A,2135,2135,2135
02/27/2013,2131,N/A,2131,2131,2131
02/26/2013,2125,N/A,2125,2125,2125
02/25/2013,2143,N/A,2143,2143,2143
02/22/2013,2139,N/A,2139,2139,2139
02/21/2013,2133,N/A,2133,2133,2133
02/20/2013,2113,1,2110,2110,2110
02/19/2013,2119,N/A,2119,2119,2119
02/18/2013,2144,N/A,2144,2144,2144
02/15/2013,2144,N/A,2144,2144,2144
02/14/2013,2143,N/A,2143,2143,2143
02/13/2013,2143,N/A,2143,2143,2143
02/12/2013,2179,13,2204,2204,2204
02/11/2013,2174,1,2206,2206,2206
02/08/2013,2232,1,2249,2249,2249
02/07/2013,2238,1,2240,2240,2240
02/06/2013,2223,N/A,2223,2223,2223
02/05/2013,2246,10,2250,2270,2205
02/04/2013,2192,1,2184,2184,2184
02/01/2013,2205,N/A,2205,2205,2205
01/31/2013,2205,3,2194,2202,2181
01/30/2013,2179,N/A,2179,2179,2179
01/29/2013,2195,N/A,2195,2195,2195
01/28/2013,2161,1,2161,2161,2161
01/25/2013,2173,6,2170,2170,2146
01/24/2013,2195,N/A,2195,2195,2195
01/23/2013,2215,1,2229,2229,2229
01/22/2013,2213,1,2261,2261,2261
01/21/2013,2285,N/A,2285,2285,2285
01/18/2013,2285,N/A,2285,2285,2285
01/17/2013,2300,1,2303,2303,2303
01/16/2013,2256,N/A,2256,2256,2256
01/15/2013,2270,N/A,2270,2270,2270
01/14/2013,2267,N/A,2267,2267,2267
01/11/2013,2256,N/A,2256,2256,2256
01/10/2013,2269,1,2269,2269,2269
01/09/2013,2223,N/A,2223,2223,2223
01/08/2013,2215,1,2262,2262,2262
01/07/2013,2267,N/A,2267,2267,2267
01/04/2013,2220,5,2221,2221,2220
01/03/2013,2256,N/A,2256,2256,2256
01/02/2013,2259,N/A,2259,2259,2259
01/01/2013,2236,N/A,2236,2236,2236
12/31/2012,2236,2,2256,2256,2216
12/28/2012,2249,N/A,2249,2249,2249
12/27/2012,2255,N/A,2255,2255,2255
12/26/2012,2263,3,2260,2260,2260
12/25/2012,2273,N/A,2273,2273,2273
12/24/2012,2273,N/A,2273,2273,2273
12/21/2012,2312,N/A,2312,2312,2312
12/20/2012,2328,N/A,2328,2328,2328
12/19/2012,2358,1,2349,2349,2349
12/18/2012,2397,N/A,2397,2397,2397
12/17/2012,2425,N/A,2425,2425,2425
12/14/2012,2435,N/A,2435,2435,2435
12/13/2012,2422,1,2399,2399,2399
12/12/2012,2441,1,2423,2423,2423
12/11/2012,2380,2,2373,2373,2373
12/10/2012,2379,N/A,2379,2379,2379
12/07/2012,2412,N/A,2412,2412,2412
12/06/2012,2420,N/A,2420,2420,2420
12/05/2012,2420,N/A,2420,2420,2420
12/04/2012,2444,3,2469,2469,2448
12/03/2012,2519,1,2550,2550,2550
11/30/2012,2498,N/A,2498,2498,2498
11/29/2012,2491,2,2499,2500,2499
11/28/2012,2458,N/A,2458,2458,2458
11/27/2012,2447,N/A,2447,2447,2447
11/26/2012,2478,1,2460,2460,2460
11/23/2012,2516,2,2500,2510,2500
11/22/2012,2476,N/A,2476,2476,2476
11/21/2012,2476,N/A,2476,2476,2476
11/20/2012,2456,N/A,2456,2456,2456
11/19/2012,2421,N/A,2421,2421,2421
11/16/2012,2398,2,2420,2420,2400
11/15/2012,2502,N/A,2502,2502,2502
11/14/2012,2468,N/A,2468,2468,2468
11/13/2012,2395,N/A,2395,2395,2395
11/12/2012,2381,1,2389,2389,2389
11/09/2012,2358,1,2326,2326,2326
11/08/2012,2337,1,2339,2339,2339
11/07/2012,2399,N/A,2399,2399,2399
11/06/2012,2462,1,2455,2455,2455
11/05/2012,2444,N/A,2444,2444,2444
11/02/2012,2447,1,2430,2430,2430
11/01/2012,2420,N/A,2420,2420,2420
10/31/2012,2388,1,2380,2380,2380
10/30/2012,2390,N/A,2390,2390,2390
10/29/2012,2390,N/A,2390,2390,2390
